timestamp,fps,latency_ms,cpu_util,device_util,model_name,device_name,frame_resolution
1756476086.9810715,0,34.95459733634513,14.8,0.0,unknown,AUTO,1920x1080
1756476087.0899599,18.367431482929028,39.65676949909456,0.0,0.0,unknown,AUTO,1920x1080
1756476087.192881,14.16366161860616,28.630117907719967,2.1,0.0,unknown,AUTO,1920x1080
1756476087.2953906,12.725919520612887,21.724989040451522,0.0,0.0,unknown,AUTO,1920x1080
1756476087.3985102,11.97780525625905,38.00087268920651,0.0,0.0,unknown,AUTO,1920x1080
1756476087.5011904,11.535822679147776,32.52257533951272,1.9,0.0,unknown,AUTO,1920x1080
1756476087.6041849,11.233910344144139,24.453193946877597,3.2,0.0,unknown,AUTO,1920x1080
1756476087.7064757,11.028333321282101,24.952362373262055,50.0,0.0,unknown,AUTO,1920x1080
1756476087.8084857,10.877259772356544,20.611781140375875,0.0,0.0,unknown,AUTO,1920x1080
1756476087.9111881,10.751339590566165,35.839509067600744,4.1,0.0,unknown,AUTO,1920x1080
1756476383.1810992,13.305873321024547,70.21069526672363,28.6,0.0,YOLOv11x (GPU),GPU,640x360
1756476383.283955,14.229701075801422,48.16293716430664,32.7,0.0,YOLOv11x (GPU),GPU,640x360
1756476383.3381786,13.335105283739917,49.76534843444824,40.0,0.0,YOLOv11x (GPU),GPU,640x360
1756476383.409306,13.293348419588044,49.192190170288086,18.8,0.0,YOLOv11x (GPU),GPU,640x360
1756476383.4772375,13.833182720658563,47.30725288391113,18.8,0.0,YOLOv11x (GPU),GPU,640x360
1756476383.539179,15.50270741777027,45.40300369262695,24.1,0.0,YOLOv11x (GPU),GPU,640x360
1756476383.6059406,15.569750694166036,47.156333923339844,28.1,0.0,YOLOv11x (GPU),GPU,640x360
1756476383.6724067,15.477821896172525,47.574520111083984,25.0,0.0,YOLOv11x (GPU),GPU,640x360
1756476383.7342615,15.824277980041877,45.293569564819336,28.1,0.0,YOLOv11x (GPU),GPU,640x360
1756476383.800094,15.447040452550013,48.18558692932129,28.1,0.0,YOLOv11x (GPU),GPU,640x360
1756476383.8705494,14.190176535466104,47.76597023010254,37.5,0.0,YOLOv11x (GPU),GPU,640x360
1756476383.9350166,15.188279003744288,46.18549346923828,34.4,0.0,YOLOv11x (GPU),GPU,640x360
1756476383.9990225,15.686678135986236,44.64387893676758,24.2,0.0,YOLOv11x (GPU),GPU,640x360
1756476384.066337,15.572525432538798,44.172048568725586,24.2,0.0,YOLOv11x (GPU),GPU,640x360
1756476384.131205,14.198486823174964,47.786712646484375,29.2,0.0,YOLOv11x (GPU),GPU,640x360
1756476384.200686,15.630499998136699,46.90074920654297,42.5,0.0,YOLOv11x (GPU),GPU,640x360
1756476384.270674,14.83296966782073,48.85292053222656,21.9,0.0,YOLOv11x (GPU),GPU,640x360
1756476384.3421783,13.185157242194474,54.1989803314209,38.5,0.0,YOLOv11x (GPU),GPU,640x360
1756476384.4136994,15.15316083441115,44.40784454345703,28.1,0.0,YOLOv11x (GPU),GPU,640x360
1756476384.4819727,13.896844776801837,45.70174217224121,28.1,0.0,YOLOv11x (GPU),GPU,640x360
1756476384.548228,14.858244062801111,46.67401313781738,33.3,0.0,YOLOv11x (GPU),GPU,640x360
1756476384.5923793,22.89967241755842,23.580074310302734,41.7,0.0,YOLOv11x (GPU),GPU,640x360
1756476384.664785,13.911133074853984,48.778533935546875,34.3,0.0,YOLOv11x (GPU),GPU,640x360
1756476384.8063035,8.63327501389375,92.26679801940918,59.2,0.0,YOLOv11x (GPU),GPU,640x360
1756476384.8818753,9.828134922029689,50.87995529174805,16.7,0.0,YOLOv11x (GPU),GPU,640x360
1756476384.950735,14.615216285341937,47.29056358337402,25.7,0.0,YOLOv11x (GPU),GPU,640x360
1756476385.0203102,15.275455426144848,44.907569885253906,36.4,0.0,YOLOv11x (GPU),GPU,640x360
1756476385.0917249,14.203294898494777,45.72033882141113,33.3,0.0,YOLOv11x (GPU),GPU,640x360
1756476385.1577404,14.016193980223695,43.21026802062988,38.2,0.0,YOLOv11x (GPU),GPU,640x360
1756476385.2258196,14.13756328409926,47.85871505737305,36.4,0.0,YOLOv11x (GPU),GPU,640x360
1756476385.2967222,14.727863280276136,48.71010780334473,18.2,0.0,YOLOv11x (GPU),GPU,640x360
1756476385.364473,13.820420052325312,51.29265785217285,17.9,0.0,YOLOv11x (GPU),GPU,640x360
1756476385.4318833,14.962076702731434,47.22929000854492,27.5,0.0,YOLOv11x (GPU),GPU,640x360
1756476385.4967666,15.403472691482799,44.31343078613281,25.0,0.0,YOLOv11x (GPU),GPU,640x360
1756476385.5655391,15.672434730946144,45.15886306762695,26.5,0.0,YOLOv11x (GPU),GPU,640x360
1756476385.6328125,14.208395014888263,46.77248001098633,21.9,0.0,YOLOv11x (GPU),GPU,640x360
1756476385.6948147,15.386407823975231,45.48788070678711,32.0,0.0,YOLOv11x (GPU),GPU,640x360
1756476385.763399,15.513143051584674,45.4409122467041,27.3,0.0,YOLOv11x (GPU),GPU,640x360
1756476385.83024,14.946934033704782,47.791481018066406,27.3,0.0,YOLOv11x (GPU),GPU,640x360
1756476385.8940933,15.386802939201955,46.971797943115234,25.0,0.0,YOLOv11x (GPU),GPU,640x360
1756476385.959169,15.156062889127378,48.101186752319336,37.5,0.0,YOLOv11x (GPU),GPU,640x360
1756476386.0265474,15.102744510618685,46.19622230529785,37.5,0.0,YOLOv11x (GPU),GPU,640x360
1756476386.0935383,15.377776800085059,45.32885551452637,50.0,0.0,YOLOv11x (GPU),GPU,640x360
1756476386.1585083,14.380207904769742,44.818878173828125,18.8,0.0,YOLOv11x (GPU),GPU,640x360
1756476386.225999,15.075602585023255,47.23930358886719,41.2,0.0,YOLOv11x (GPU),GPU,640x360
1756476386.2957525,14.670322905590687,47.93572425842285,41.2,0.0,YOLOv11x (GPU),GPU,640x360
1756476386.364011,14.40504998815121,52.333831787109375,25.0,0.0,YOLOv11x (GPU),GPU,640x360
1756476386.4311347,14.78372005315268,47.968387603759766,37.5,0.0,YOLOv11x (GPU),GPU,640x360
1756476386.4980204,15.065151879774865,46.24128341674805,18.8,0.0,YOLOv11x (GPU),GPU,640x360
1756476386.5684156,15.05476969020434,45.75181007385254,25.0,0.0,YOLOv11x (GPU),GPU,640x360
1756476386.6311905,14.519794508218286,46.20671272277832,34.4,0.0,YOLOv11x (GPU),GPU,640x360
1756476386.7959077,7.406322287635481,109.91668701171875,48.9,0.0,YOLOv11x (GPU),GPU,640x360
1756476386.8627687,10.534085115467207,49.735069274902344,18.8,0.0,YOLOv11x (GPU),GPU,640x360
1756476386.9311316,15.065747126436781,46.756744384765625,25.6,0.0,YOLOv11x (GPU),GPU,640x360
1756476386.99646,15.076090277453282,45.711517333984375,37.5,0.0,YOLOv11x (GPU),GPU,640x360
1756476387.0615962,15.787289781538416,43.190956115722656,21.9,0.0,YOLOv11x (GPU),GPU,640x360
1756476387.1306067,13.46438488528495,50.33111572265625,20.8,0.0,YOLOv11x (GPU),GPU,640x360
1756476387.2035456,15.270283357180045,45.7768440246582,31.7,0.0,YOLOv11x (GPU),GPU,640x360
1756476387.2749317,14.43812435026265,48.16913604736328,33.3,0.0,YOLOv11x (GPU),GPU,640x360
1756476387.3465192,12.930137923805884,50.5673885345459,25.0,0.0,YOLOv11x (GPU),GPU,640x360
1756476387.4107943,15.251515404950384,45.05324363708496,21.9,0.0,YOLOv11x (GPU),GPU,640x360
1756476387.4719112,15.19389100604234,48.307180404663086,25.0,0.0,YOLOv11x (GPU),GPU,640x360
1756476387.5343213,15.922919521815553,45.28665542602539,28.1,0.0,YOLOv11x (GPU),GPU,640x360
1756476387.600809,15.732455120366689,47.44410514831543,37.5,0.0,YOLOv11x (GPU),GPU,640x360
1756476387.6611338,16.1822902801409,46.26202583312988,25.0,0.0,YOLOv11x (GPU),GPU,640x360
1756476387.724423,15.547184918025495,47.1951961517334,31.2,0.0,YOLOv11x (GPU),GPU,640x360
1756476387.7905276,16.1167515226037,45.49574851989746,35.0,0.0,YOLOv11x (GPU),GPU,640x360
1756476387.859907,14.414208341352102,49.29399490356445,18.8,0.0,YOLOv11x (GPU),GPU,640x360
1756476387.921705,16.45083150298086,46.24223709106445,31.2,0.0,YOLOv11x (GPU),GPU,640x360
1756476387.9867964,15.789845388185956,46.758413314819336,15.6,0.0,YOLOv11x (GPU),GPU,640x360
1756476388.0479784,15.027046005796851,45.61305046081543,15.6,0.0,YOLOv11x (GPU),GPU,640x360
1756476388.116095,15.513143051584674,47.4245548248291,20.8,0.0,YOLOv11x (GPU),GPU,640x360
1756476388.1786375,15.729505122781752,43.88141632080078,25.0,0.0,YOLOv11x (GPU),GPU,640x360
1756476388.249735,15.259005944541864,46.443939208984375,35.1,0.0,YOLOv11x (GPU),GPU,640x360
1756476388.3198597,13.475242562487953,48.32291603088379,33.3,0.0,YOLOv11x (GPU),GPU,640x360
1756476388.3842254,14.94107714722342,46.7989444732666,42.9,0.0,YOLOv11x (GPU),GPU,640x360
1756476388.4459412,15.835988205044949,46.602487564086914,20.8,0.0,YOLOv11x (GPU),GPU,640x360
1756476388.5077088,16.182415148791037,45.22395133972168,20.8,0.0,YOLOv11x (GPU),GPU,640x360
1756476388.5727568,15.991642551309473,45.45474052429199,34.4,0.0,YOLOv11x (GPU),GPU,640x360
1756476388.6354194,15.960303809799235,45.1047420501709,34.4,0.0,YOLOv11x (GPU),GPU,640x360
1756476388.697674,15.802100012432797,46.70977592468262,18.8,0.0,YOLOv11x (GPU),GPU,640x360
1756476388.7591012,16.407521720591628,45.37367820739746,27.3,0.0,YOLOv11x (GPU),GPU,640x360
1756476388.8259528,15.685328885614597,47.20449447631836,24.2,0.0,YOLOv11x (GPU),GPU,640x360
1756476388.9682615,8.246925814506774,99.63274002075195,41.7,0.0,YOLOv11x (GPU),GPU,640x360
1756476389.0372784,10.678996440592522,50.41909217834473,37.5,0.0,YOLOv11x (GPU),GPU,640x360
1756476389.1071904,14.83207796708465,50.8265495300293,50.0,0.0,YOLOv11x (GPU),GPU,640x360
1756476389.1698294,15.589889979185251,46.59128189086914,34.4,0.0,YOLOv11x (GPU),GPU,640x360
1756476389.2433078,16.179481244888827,45.25470733642578,31.6,0.0,YOLOv11x (GPU),GPU,640x360
1756476389.3173006,13.61866602593658,48.19226264953613,0.0,0.0,YOLOv11x (GPU),GPU,640x360
1756476389.3898015,13.21869140027923,48.40970039367676,41.5,0.0,YOLOv11x (GPU),GPU,640x360
1756476389.457315,14.270126087873654,47.478675842285156,18.8,0.0,YOLOv11x (GPU),GPU,640x360
1756476389.5247395,14.856191579268012,47.78122901916504,29.3,0.0,YOLOv11x (GPU),GPU,640x360
1756476389.5926266,14.179334965044422,49.840450286865234,41.2,0.0,YOLOv11x (GPU),GPU,640x360
1756476389.6601033,15.327761556199546,46.195268630981445,18.8,0.0,YOLOv11x (GPU),GPU,640x360
1756476389.7196298,14.573726802386387,45.87984085083008,25.0,0.0,YOLOv11x (GPU),GPU,640x360
1756476389.7830853,15.72384422751061,45.870065689086914,34.4,0.0,YOLOv11x (GPU),GPU,640x360
1756476389.8455284,15.88859846504686,46.34523391723633,33.3,0.0,YOLOv11x (GPU),GPU,640x360
1756476389.9111497,15.4185914001816,47.7902889251709,32.0,0.0,YOLOv11x (GPU),GPU,640x360
1756476389.972973,16.495603064483145,44.892072677612305,24.2,0.0,YOLOv11x (GPU),GPU,640x360
1756476390.0339253,15.890464518035545,46.906232833862305,28.1,0.0,YOLOv11x (GPU),GPU,640x360
1756476390.1004744,15.490111643332238,49.52383041381836,18.8,0.0,YOLOv11x (GPU),GPU,640x360
1756476390.1621876,16.12300879512885,45.952558517456055,23.3,0.0,YOLOv11x (GPU),GPU,640x360
1756476390.2276533,15.881920384107113,47.215938568115234,35.9,0.0,YOLOv11x (GPU),GPU,640x360
1756476390.2979014,14.747178408939082,52.16264724731445,21.9,0.0,YOLOv11x (GPU),GPU,640x360
1756476390.3628595,14.582239049337518,50.57668685913086,33.3,0.0,YOLOv11x (GPU),GPU,640x360
1756476390.431866,15.326193321128809,45.17197608947754,35.0,0.0,YOLOv11x (GPU),GPU,640x360
1756476390.49574,14.893752108374908,46.30398750305176,25.0,0.0,YOLOv11x (GPU),GPU,640x360
1756476390.5614586,15.55358440749366,44.657230377197266,21.9,0.0,YOLOv11x (GPU),GPU,640x360
1756476390.633229,14.21812425211104,46.33307456970215,28.1,0.0,YOLOv11x (GPU),GPU,640x360
1756476390.6998482,15.09165881074546,45.83239555358887,36.4,0.0,YOLOv11x (GPU),GPU,640x360
1756476390.7663724,14.9978152119888,46.92220687866211,25.0,0.0,YOLOv11x (GPU),GPU,640x360
1756476390.832227,14.728690772585692,46.72718048095703,37.5,0.0,YOLOv11x (GPU),GPU,640x360
1756476390.9010797,14.5458782729322,48.13432693481445,28.1,0.0,YOLOv11x (GPU),GPU,640x360
1756476390.967465,14.926083165779968,46.77581787109375,18.8,0.0,YOLOv11x (GPU),GPU,640x360
1756476391.1401944,6.621407349639906,64.66960906982422,40.0,0.0,YOLOv11x (GPU),GPU,640x360
1756476391.2042966,11.63187802111557,45.152902603149414,30.3,0.0,YOLOv11x (GPU),GPU,640x360
1756476391.2717292,15.203253564929934,47.370195388793945,21.9,0.0,YOLOv11x (GPU),GPU,640x360
1756476391.3481894,14.448121088111995,49.149513244628906,12.5,0.0,YOLOv11x (GPU),GPU,640x360
1756476391.4166071,14.292056114573501,44.692039489746094,29.3,0.0,YOLOv11x (GPU),GPU,640x360
1756476391.4769356,15.042135728041831,46.38314247131348,29.2,0.0,YOLOv11x (GPU),GPU,640x360
1756476391.5530946,15.044185954755935,47.887563705444336,31.2,0.0,YOLOv11x (GPU),GPU,640x360
1756476391.623556,13.485814234637447,48.63452911376953,19.5,0.0,YOLOv11x (GPU),GPU,640x360
1756476391.6893282,14.22694987347955,44.15464401245117,21.9,0.0,YOLOv11x (GPU),GPU,640x360
1756476391.7567987,13.917872584707377,48.246145248413086,15.6,0.0,YOLOv11x (GPU),GPU,640x360
1756476391.8257918,15.549317495977638,45.08686065673828,20.6,0.0,YOLOv11x (GPU),GPU,640x360
1756476391.8934753,14.713293974441276,48.57516288757324,16.7,0.0,YOLOv11x (GPU),GPU,640x360
1756476391.9596117,14.678177854145742,46.51331901550293,21.9,0.0,YOLOv11x (GPU),GPU,640x360
1756476392.025718,14.927676839576474,46.35882377624512,27.3,0.0,YOLOv11x (GPU),GPU,640x360
1756476392.0668206,23.89944044946381,21.027088165283203,23.5,0.0,YOLOv11x (GPU),GPU,640x360
1756476392.1419928,14.168797124557468,51.56111717224121,19.4,0.0,YOLOv11x (GPU),GPU,640x360
1756476392.208078,14.731329025007025,47.83487319946289,28.1,0.0,YOLOv11x (GPU),GPU,640x360
1756476392.2800412,14.666680653903313,47.45030403137207,32.5,0.0,YOLOv11x (GPU),GPU,640x360
1756476392.3530354,13.066733958272973,51.93662643432617,23.3,0.0,YOLOv11x (GPU),GPU,640x360
1756476392.4207857,15.180747834710505,45.32504081726074,25.0,0.0,YOLOv11x (GPU),GPU,640x360
1756476392.4868877,14.957274649720597,46.91362380981445,25.0,0.0,YOLOv11x (GPU),GPU,640x360
1756476392.5555015,14.555267139545537,46.52118682861328,31.2,0.0,YOLOv11x (GPU),GPU,640x360
1756476392.624669,14.450759350624294,48.11263084411621,23.5,0.0,YOLOv11x (GPU),GPU,640x360
1756476392.6946566,14.181636213635564,44.90041732788086,18.8,0.0,YOLOv11x (GPU),GPU,640x360
1756476392.7614822,14.639344662820365,47.79052734375,31.4,0.0,YOLOv11x (GPU),GPU,640x360
1756476392.82988,15.130693890802835,47.56927490234375,28.1,0.0,YOLOv11x (GPU),GPU,640x360
1756476392.898396,14.156841302307999,50.308942794799805,16.0,0.0,YOLOv11x (GPU),GPU,640x360
1756476392.967645,14.831710827354284,48.195600509643555,33.3,0.0,YOLOv11x (GPU),GPU,640x360
1756476393.0360432,14.974950729770644,43.74194145202637,30.3,0.0,YOLOv11x (GPU),GPU,640x360
1756476393.1083899,13.430067209508593,51.78427696228027,37.5,0.0,YOLOv11x (GPU),GPU,640x360
1756476393.1745508,15.10116760937112,46.686410903930664,30.3,0.0,YOLOv11x (GPU),GPU,640x360
1756476393.2452013,14.632909449299632,46.33808135986328,39.0,0.0,YOLOv11x (GPU),GPU,640x360
1756476393.424661,6.3463039317299765,133.27836990356445,48.8,0.0,YOLOv11x (GPU),GPU,640x360
1756476393.4959762,10.826301307631551,46.67234420776367,22.5,0.0,YOLOv11x (GPU),GPU,640x360
1756476393.5612025,14.442847452024228,44.59095001220703,18.8,0.0,YOLOv11x (GPU),GPU,640x360
1756476393.6005917,23.137157987643423,20.57933807373047,25.0,0.0,YOLOv11x (GPU),GPU,640x360
1756476393.6743293,14.831448595817509,47.6536750793457,21.2,0.0,YOLOv11x (GPU),GPU,640x360
1756476393.7438793,14.28801515223775,49.38387870788574,37.5,0.0,YOLOv11x (GPU),GPU,640x360
1756476393.8141265,14.319966951065043,46.148061752319336,28.1,0.0,YOLOv11x (GPU),GPU,640x360
1756476393.8890378,13.741003800288297,48.68340492248535,36.0,0.0,YOLOv11x (GPU),GPU,640x360
1756476393.9584754,14.811703010505871,45.94683647155762,15.6,0.0,YOLOv11x (GPU),GPU,640x360
1756476394.0286133,13.599590161276726,47.892093658447266,27.5,0.0,YOLOv11x (GPU),GPU,640x360
1756476394.0994744,14.72977699736611,46.20099067687988,37.5,0.0,YOLOv11x (GPU),GPU,640x360
1756476394.170751,13.539009793604782,48.08926582336426,32.5,0.0,YOLOv11x (GPU),GPU,640x360
1756476394.2398477,14.827725908459392,46.35310173034668,15.6,0.0,YOLOv11x (GPU),GPU,640x360
1756476394.3131242,13.493710469253685,51.317453384399414,32.5,0.0,YOLOv11x (GPU),GPU,640x360
1756476394.3885047,13.200677296103029,49.78656768798828,21.9,0.0,YOLOv11x (GPU),GPU,640x360
1756476394.4569283,14.463017496431059,46.57387733459473,24.2,0.0,YOLOv11x (GPU),GPU,640x360
1756476394.5258493,14.163581904076885,46.99134826660156,30.8,0.0,YOLOv11x (GPU),GPU,640x360
1756476394.5947938,14.623216246840409,46.21243476867676,31.2,0.0,YOLOv11x (GPU),GPU,640x360
1756476394.661907,14.078861420203749,46.76413536071777,28.1,0.0,YOLOv11x (GPU),GPU,640x360
1756476394.7280717,15.473482277248177,45.78852653503418,35.0,0.0,YOLOv11x (GPU),GPU,640x360
1756476394.7950375,15.203749551424025,45.91560363769531,25.0,0.0,YOLOv11x (GPU),GPU,640x360
1756476394.8630986,15.200994480344153,45.265913009643555,12.5,0.0,YOLOv11x (GPU),GPU,640x360
1756476394.9312775,14.190896695459175,46.78654670715332,28.2,0.0,YOLOv11x (GPU),GPU,640x360
1756476394.998557,14.987686260496695,45.68171501159668,21.9,0.0,YOLOv11x (GPU),GPU,640x360
1756476395.0699716,14.396347972335205,45.333147048950195,0.0,0.0,YOLOv11x (GPU),GPU,640x360
1756476395.1325212,14.381785763269784,49.01289939880371,33.3,0.0,YOLOv11x (GPU),GPU,640x360
1756476395.1977234,15.833895822479935,46.07033729553223,31.2,0.0,YOLOv11x (GPU),GPU,640x360
1756476395.2655482,16.073517407882886,46.158552169799805,27.3,0.0,YOLOv11x (GPU),GPU,640x360
1756476395.3398209,13.62747130283349,53.24411392211914,50.0,0.0,YOLOv11x (GPU),GPU,640x360
1756476395.404866,14.061963369128282,48.53630065917969,25.0,0.0,YOLOv11x (GPU),GPU,640x360
1756476395.4709866,15.006454382826476,45.552730560302734,25.0,0.0,YOLOv11x (GPU),GPU,640x360
1756476395.5391421,14.393927122727304,48.42066764831543,28.1,0.0,YOLOv11x (GPU),GPU,640x360
1756476395.716974,15.625841495263039,46.267032623291016,47.7,0.0,YOLOv11x (GPU),GPU,640x360
1756476395.7661452,6.183325102273984,47.280311584472656,28.0,0.0,YOLOv11x (GPU),GPU,640x360
1756476395.831077,14.667706457309716,48.32267761230469,33.3,0.0,YOLOv11x (GPU),GPU,640x360
1756476395.8974051,15.034155958205638,48.74300956726074,16.7,0.0,YOLOv11x (GPU),GPU,640x360
1756476395.962339,15.64175007831496,45.35698890686035,25.6,0.0,YOLOv11x (GPU),GPU,640x360
1756476396.0278788,15.287147189176581,45.829057693481445,15.2,0.0,YOLOv11x (GPU),GPU,640x360
1756476396.094006,14.542095865476293,50.06575584411621,27.3,0.0,YOLOv11x (GPU),GPU,640x360
1756476396.1580193,15.873205216509358,44.936418533325195,18.8,0.0,YOLOv11x (GPU),GPU,640x360
1756476396.2246323,15.356494550194231,47.03330993652344,21.9,0.0,YOLOv11x (GPU),GPU,640x360
1756476396.2894332,15.318021291748078,46.25391960144043,34.4,0.0,YOLOv11x (GPU),GPU,640x360
1756476396.3623588,14.24347306365291,51.11289024353027,37.5,0.0,YOLOv11x (GPU),GPU,640x360
1756476396.4296877,15.267504122364144,45.8681583404541,25.0,0.0,YOLOv11x (GPU),GPU,640x360
1756476396.4976003,15.04731632590828,43.86019706726074,25.7,0.0,YOLOv11x (GPU),GPU,640x360
1756476396.5614202,14.964906021207666,45.27592658996582,12.5,0.0,YOLOv11x (GPU),GPU,640x360
1756476396.6252463,15.798588249474548,44.21854019165039,15.6,0.0,YOLOv11x (GPU),GPU,640x360
1756476396.6904664,15.08829285138713,44.55852508544922,29.4,0.0,YOLOv11x (GPU),GPU,640x360
1756476396.7558305,15.571889467646306,46.665191650390625,18.8,0.0,YOLOv11x (GPU),GPU,640x360
1756476396.8202634,15.036635250000897,46.831607818603516,31.2,0.0,YOLOv11x (GPU),GPU,640x360
1756476396.8833542,15.490111643332238,46.97132110595703,42.9,0.0,YOLOv11x (GPU),GPU,640x360
1756476396.9509578,15.72001364251367,45.345306396484375,28.1,0.0,YOLOv11x (GPU),GPU,640x360
1756476397.0155056,15.829772458796134,46.03862762451172,27.3,0.0,YOLOv11x (GPU),GPU,640x360
1756476397.0844278,15.195322179794656,46.34404182434082,50.0,0.0,YOLOv11x (GPU),GPU,640x360
1756476397.1540072,13.78254468980021,44.91734504699707,30.0,0.0,YOLOv11x (GPU),GPU,640x360
1756476397.2180665,15.287258625339874,45.7456111907959,21.2,0.0,YOLOv11x (GPU),GPU,640x360
1756476397.289244,14.102719805252663,48.589229583740234,50.0,0.0,YOLOv11x (GPU),GPU,640x360
1756476397.3605204,13.836970470733002,50.24862289428711,18.8,0.0,YOLOv11x (GPU),GPU,640x360
1756476397.4274158,15.178165869333931,46.27728462219238,43.8,0.0,YOLOv11x (GPU),GPU,640x360
1756476397.4912512,15.292051917748287,44.792890548706055,24.2,0.0,YOLOv11x (GPU),GPU,640x360
1756476397.557121,15.1085655827759,44.626712799072266,35.3,0.0,YOLOv11x (GPU),GPU,640x360
1756476397.620435,15.517103092096988,45.71676254272461,36.4,0.0,YOLOv11x (GPU),GPU,640x360
1756476397.687342,15.767823040255033,44.32368278503418,24.2,0.0,YOLOv11x (GPU),GPU,640x360
1756476397.754398,14.857033555192677,43.695688247680664,21.9,0.0,YOLOv11x (GPU),GPU,640x360
1756476397.8264396,14.369517179475759,52.7653694152832,65.0,0.0,YOLOv11x (GPU),GPU,640x360
1756476397.8944523,13.767027830750699,52.90794372558594,33.3,0.0,YOLOv11x (GPU),GPU,640x360
1756476397.9608254,15.3090756455881,45.69673538208008,37.5,0.0,YOLOv11x (GPU),GPU,640x360
1756476398.026125,15.061905907616952,45.22895812988281,18.8,0.0,YOLOv11x (GPU),GPU,640x360
1756476398.174454,7.961127308066083,104.99095916748047,43.8,0.0,YOLOv11x (GPU),GPU,640x360
1756476398.2532127,11.320597459662835,44.994354248046875,51.2,0.0,YOLOv11x (GPU),GPU,640x360
1756476398.347177,11.561882184304105,58.287858963012695,0.0,0.0,YOLOv11x (GPU),GPU,640x360
1756476398.4202478,11.238154439740635,55.29665946960449,30.0,0.0,YOLOv11x (GPU),GPU,640x360
1756476398.4772685,15.672551855048745,46.25225067138672,20.7,0.0,YOLOv11x (GPU),GPU,640x360
1756476398.5395775,15.904564362555314,46.343326568603516,16.7,0.0,YOLOv11x (GPU),GPU,640x360
1756476398.5771177,24.92618367019475,24.669170379638672,25.0,0.0,YOLOv11x (GPU),GPU,640x360
1756476398.6127183,25.053933134620785,22.521257400512695,18.8,0.0,YOLOv11x (GPU),GPU,640x360
1756476398.6518593,25.209789873539453,22.07183837890625,45.8,0.0,YOLOv11x (GPU),GPU,640x360
1756476398.692975,23.434615234189486,24.604082107543945,25.0,0.0,YOLOv11x (GPU),GPU,640x360
1756476398.7361927,24.908272462735315,22.66383171081543,16.7,0.0,YOLOv11x (GPU),GPU,640x360
1756476398.7741053,23.601161403587746,23.79155158996582,38.1,0.0,YOLOv11x (GPU),GPU,640x360
1756476398.8142073,25.227985756905014,22.109508514404297,11.8,0.0,YOLOv11x (GPU),GPU,640x360
1756476398.8589838,23.630014816984886,21.591901779174805,44.4,0.0,YOLOv11x (GPU),GPU,640x360
1756476398.8995988,23.255694293508395,24.09219741821289,52.4,0.0,YOLOv11x (GPU),GPU,640x360
1756476398.938587,25.924210864634002,23.3917236328125,15.8,0.0,YOLOv11x (GPU),GPU,640x360
1756476398.9769943,25.01687353497277,21.89803123474121,18.8,0.0,YOLOv11x (GPU),GPU,640x360
1756476399.0176466,25.239067774682127,21.85678482055664,12.5,0.0,YOLOv11x (GPU),GPU,640x360
1756476399.0584192,24.228846064975276,21.715641021728516,26.1,0.0,YOLOv11x (GPU),GPU,640x360
1756476399.1002128,23.627086372879827,23.186206817626953,18.8,0.0,YOLOv11x (GPU),GPU,640x360
1756476399.1416783,24.88034689967315,22.591352462768555,16.7,0.0,YOLOv11x (GPU),GPU,640x360
1756476399.1816893,24.823067089626438,21.48270606994629,27.3,0.0,YOLOv11x (GPU),GPU,640x360
1756476399.2233293,24.068953644512288,23.030519485473633,50.0,0.0,YOLOv11x (GPU),GPU,640x360
1756476399.2685628,24.222269705877256,21.63839340209961,20.8,0.0,YOLOv11x (GPU),GPU,640x360
1756476399.3077683,23.147245324253177,25.128602981567383,33.3,0.0,YOLOv11x (GPU),GPU,640x360
1756476399.3509614,23.12669688247814,26.72410011291504,12.5,0.0,YOLOv11x (GPU),GPU,640x360
1756476399.3883111,27.161838892882354,21.64602279663086,19.0,0.0,YOLOv11x (GPU),GPU,640x360
1756476399.4310372,22.697924107626037,24.930238723754883,36.4,0.0,YOLOv11x (GPU),GPU,640x360
1756476399.4687648,27.13074076948951,22.144794464111328,11.1,0.0,YOLOv11x (GPU),GPU,640x360
1756476399.5104263,24.26641364467381,23.012876510620117,25.0,0.0,YOLOv11x (GPU),GPU,640x360
1756476399.5530934,23.470152427423507,21.938323974609375,12.5,0.0,YOLOv11x (GPU),GPU,640x360
1756476399.5917957,26.12964197384733,22.158145904541016,33.3,0.0,YOLOv11x (GPU),GPU,640x360
1756476399.6303217,25.008222183797706,21.132707595825195,31.2,0.0,YOLOv11x (GPU),GPU,640x360
1756476399.672729,24.28636611040984,20.59483528137207,24.0,0.0,YOLOv11x (GPU),GPU,640x360
1756476399.7138653,25.060669431067243,21.03114128112793,16.7,0.0,YOLOv11x (GPU),GPU,640x360
1756476399.7570968,22.71907093643021,23.46658706665039,18.8,0.0,YOLOv11x (GPU),GPU,640x360
1756476399.7971911,26.025390600761966,22.008419036865234,23.5,0.0,YOLOv11x (GPU),GPU,640x360
1756476399.838417,23.460569076132252,23.21791648864746,17.4,0.0,YOLOv11x (GPU),GPU,640x360
1756476399.8811152,23.81408869736043,25.48527717590332,18.8,0.0,YOLOv11x (GPU),GPU,640x360
1756476399.921714,25.65213721736684,22.55868911743164,12.5,0.0,YOLOv11x (GPU),GPU,640x360
1756476399.9621568,23.714988437378082,23.325681686401367,23.8,0.0,YOLOv11x (GPU),GPU,640x360
1756476400.0010257,25.660454929215557,22.328853607177734,11.8,0.0,YOLOv11x (GPU),GPU,640x360
1756476400.0436828,24.655117888066588,23.00739288330078,29.2,0.0,YOLOv11x (GPU),GPU,640x360
1756476400.0883849,21.169027022116346,28.65290641784668,12.5,0.0,YOLOv11x (GPU),GPU,640x360
1756476400.1219363,28.89833264434339,23.079633712768555,18.8,0.0,YOLOv11x (GPU),GPU,640x360
1756476400.1628475,24.834678398237894,22.739410400390625,29.4,0.0,YOLOv11x (GPU),GPU,640x360
1756476400.2037315,24.68675287373235,22.85623550415039,12.5,0.0,YOLOv11x (GPU),GPU,640x360
1756476400.2437541,24.394139782132036,24.445295333862305,22.7,0.0,YOLOv11x (GPU),GPU,640x360
1756476400.2862492,23.446012119043893,25.572538375854492,27.8,0.0,YOLOv11x (GPU),GPU,640x360
1756476400.3273833,25.73066352571653,23.394346237182617,41.7,0.0,YOLOv11x (GPU),GPU,640x360
1756476400.3685932,23.091428602888147,26.630640029907227,22.7,0.0,YOLOv11x (GPU),GPU,640x360
1756476400.404468,27.463113439188085,22.32503890991211,12.5,0.0,YOLOv11x (GPU),GPU,640x360
1756476400.443147,25.186174428938582,20.955562591552734,31.2,0.0,YOLOv11x (GPU),GPU,640x360
1756476400.4845693,25.440530852141425,20.627975463867188,25.0,0.0,YOLOv11x (GPU),GPU,640x360
1756476400.523903,24.126271225438312,21.322250366210938,12.5,0.0,YOLOv11x (GPU),GPU,640x360
1756476400.5666091,23.163480124148137,22.1102237701416,18.2,0.0,YOLOv11x (GPU),GPU,640x360
1756476400.6102052,25.27419976860779,21.939754486083984,16.7,0.0,YOLOv11x (GPU),GPU,640x360
1756476400.6498163,24.36084426219987,20.96390724182129,43.5,0.0,YOLOv11x (GPU),GPU,640x360
1756476400.6927085,23.691947919902844,23.352861404418945,11.8,0.0,YOLOv11x (GPU),GPU,640x360
1756476400.734598,24.728378975916044,22.078275680541992,33.3,0.0,YOLOv11x (GPU),GPU,640x360
1756476400.7728226,25.039574465544725,21.651029586791992,25.0,0.0,YOLOv11x (GPU),GPU,640x360
1756476400.8110769,24.529097682361265,21.67487144470215,9.5,0.0,YOLOv11x (GPU),GPU,640x360
1756476400.8584356,24.819394886178717,21.17753028869629,11.1,0.0,YOLOv11x (GPU),GPU,640x360
1756476400.8956218,24.84585902744457,20.564794540405273,37.5,0.0,YOLOv11x (GPU),GPU,640x360
1756476400.9354315,23.88542206479462,20.720958709716797,20.8,0.0,YOLOv11x (GPU),GPU,640x360
1756476400.9769697,24.977097054655026,21.492958068847656,20.0,0.0,YOLOv11x (GPU),GPU,640x360
1756476401.0173829,24.232065584756974,22.129058837890625,12.5,0.0,YOLOv11x (GPU),GPU,640x360
1756476401.0566738,24.42880689594921,21.75164222717285,18.2,0.0,YOLOv11x (GPU),GPU,640x360
1756476401.1327307,19.26812170102122,23.547649383544922,64.7,0.0,YOLOv11x (GPU),GPU,640x360
1756476401.2152362,14.270951497933005,28.855085372924805,64.1,0.0,YOLOv11x (GPU),GPU,640x360
1756476401.2769086,13.579204667229998,30.08103370666504,54.3,0.0,YOLOv11x (GPU),GPU,640x360
1756476401.3197122,15.632364177124137,27.255535125732422,25.0,0.0,YOLOv11x (GPU),GPU,640x360
1756476401.3592515,24.784782750001476,24.89757537841797,18.8,0.0,YOLOv11x (GPU),GPU,640x360
1756476401.3952458,25.874952960844915,21.701812744140625,31.2,0.0,YOLOv11x (GPU),GPU,640x360
1756476401.4369504,23.71673169352559,23.032665252685547,16.7,0.0,YOLOv11x (GPU),GPU,640x360
1756476401.4744456,26.144463559977062,21.19159698486328,18.8,0.0,YOLOv11x (GPU),GPU,640x360
1756476401.5177875,23.77588572076413,21.12746238708496,12.5,0.0,YOLOv11x (GPU),GPU,640x360
1756476401.5570304,25.156566383570844,21.134376525878906,33.3,0.0,YOLOv11x (GPU),GPU,640x360
1756476401.5982356,23.942277833592108,21.67367935180664,43.8,0.0,YOLOv11x (GPU),GPU,640x360
1756476401.639627,25.0731036626555,20.51568031311035,20.8,0.0,YOLOv11x (GPU),GPU,640x360
1756476401.6815937,23.67122298098087,20.689964294433594,33.3,0.0,YOLOv11x (GPU),GPU,640x360
1756476401.7226298,24.235005893637183,23.12469482421875,27.8,0.0,YOLOv11x (GPU),GPU,640x360
1756476401.7644527,25.16335799091689,20.590543746948242,20.8,0.0,YOLOv11x (GPU),GPU,640x360
1756476401.803753,24.16324273254139,22.751569747924805,43.8,0.0,YOLOv11x (GPU),GPU,640x360
1756476401.8466463,23.93326105563481,22.174358367919922,0.0,0.0,YOLOv11x (GPU),GPU,640x360
1756476401.887393,25.497908763738938,21.599531173706055,20.8,0.0,YOLOv11x (GPU),GPU,640x360
1756476401.9256768,24.481278490839156,21.12603187561035,25.0,0.0,YOLOv11x (GPU),GPU,640x360
1756476401.9654505,24.345996900376715,21.44908905029297,17.4,0.0,YOLOv11x (GPU),GPU,640x360
1756476402.0066683,24.395558631760785,22.23968505859375,17.6,0.0,YOLOv11x (GPU),GPU,640x360
1756476402.0481744,24.534837060478612,22.078990936279297,12.5,0.0,YOLOv11x (GPU),GPU,640x360
1756476402.0918093,23.061338494358793,25.10690689086914,20.0,0.0,YOLOv11x (GPU),GPU,640x360
1756476402.1284022,26.600101471334348,21.08621597290039,5.9,0.0,YOLOv11x (GPU),GPU,640x360
1756476402.1716611,24.292555224779623,21.58951759338379,16.7,0.0,YOLOv11x (GPU),GPU,640x360
1756476402.2110193,24.500441022705367,21.181106567382812,18.8,0.0,YOLOv11x (GPU),GPU,640x360
1756476402.252978,23.753130326935818,22.375106811523438,21.7,0.0,YOLOv11x (GPU),GPU,640x360
1756476402.297585,24.325805291668118,22.582054138183594,25.0,0.0,YOLOv11x (GPU),GPU,640x360
1756476402.3396094,23.536663243604202,23.410558700561523,25.0,0.0,YOLOv11x (GPU),GPU,640x360
1756476402.3777564,24.30071842410197,24.100303649902344,18.8,0.0,YOLOv11x (GPU),GPU,640x360
1756476402.4194534,25.543251077927454,21.56853675842285,20.8,0.0,YOLOv11x (GPU),GPU,640x360
1756476402.4604867,22.958459913186747,23.09894561767578,37.5,0.0,YOLOv11x (GPU),GPU,640x360
1756476402.50036,25.365450092225817,21.796226501464844,13.0,0.0,YOLOv11x (GPU),GPU,640x360
1756476402.5407305,24.79049589219221,21.648645401000977,33.3,0.0,YOLOv11x (GPU),GPU,640x360
1756476402.5824645,25.1656226750186,20.689010620117188,25.0,0.0,YOLOv11x (GPU),GPU,640x360
1756476402.6218367,24.145854801476048,21.374940872192383,16.7,0.0,YOLOv11x (GPU),GPU,640x360
1756476402.6624224,23.780873489706476,22.81808853149414,18.8,0.0,YOLOv11x (GPU),GPU,640x360
1756476402.704872,26.06614877882046,21.80314064025879,20.8,0.0,YOLOv11x (GPU),GPU,640x360
1756476402.7428758,24.172433666059614,21.20661735534668,27.3,0.0,YOLOv11x (GPU),GPU,640x360
1756476402.78553,23.77629005651703,23.24366569519043,11.8,0.0,YOLOv11x (GPU),GPU,640x360
1756476402.8268967,24.927813239192194,21.20065689086914,20.8,0.0,YOLOv11x (GPU),GPU,640x360
1756476402.867702,23.624424780754868,23.65589141845703,60.0,0.0,YOLOv11x (GPU),GPU,640x360
1756476402.9071236,25.368365026370544,21.85797691345215,11.8,0.0,YOLOv11x (GPU),GPU,640x360
1756476402.9479375,24.87990414160468,21.090984344482422,16.7,0.0,YOLOv11x (GPU),GPU,640x360
1756476402.9897702,24.71511908830566,20.71547508239746,18.8,0.0,YOLOv11x (GPU),GPU,640x360
1756476403.0300393,23.900938531059282,21.645545959472656,25.0,0.0,YOLOv11x (GPU),GPU,640x360
1756476403.075693,24.365372773640367,23.2541561126709,0.0,0.0,YOLOv11x (GPU),GPU,640x360
1756476403.1133275,24.334696766632437,21.442651748657227,25.0,0.0,YOLOv11x (GPU),GPU,640x360
1756476403.1534224,24.242009501901535,21.725893020629883,25.0,0.0,YOLOv11x (GPU),GPU,640x360
1756476403.1937323,25.151739026145357,21.71015739440918,37.5,0.0,YOLOv11x (GPU),GPU,640x360
1756476403.2371023,23.940501264291054,21.63076400756836,12.5,0.0,YOLOv11x (GPU),GPU,640x360
1756476403.2765446,25.3371028150296,21.69013023376465,25.0,0.0,YOLOv11x (GPU),GPU,640x360
1756476403.3191874,24.25280297905066,22.598981857299805,31.2,0.0,YOLOv11x (GPU),GPU,640x360
1756476403.3639314,21.932606831349744,26.1075496673584,12.5,0.0,YOLOv11x (GPU),GPU,640x360
1756476403.4011526,26.09079485935381,24.118661880493164,30.4,0.0,YOLOv11x (GPU),GPU,640x360
1756476403.4435682,23.558211637834194,25.364398956298828,33.3,0.0,YOLOv11x (GPU),GPU,640x360
1756476403.4863298,24.48885411679531,22.613048553466797,12.5,0.0,YOLOv11x (GPU),GPU,640x360
1756476403.5267494,23.87060497410506,23.897647857666016,20.8,0.0,YOLOv11x (GPU),GPU,640x360
1756476403.5640514,25.81205459893904,22.659778594970703,12.5,0.0,YOLOv11x (GPU),GPU,640x360
1756476403.6072302,24.00737225901356,22.5679874420166,16.7,0.0,YOLOv11x (GPU),GPU,640x360
1756476403.6489863,23.649467446279456,22.648334503173828,23.5,0.0,YOLOv11x (GPU),GPU,640x360
1756476403.687837,26.08122275630064,22.2318172454834,9.5,0.0,YOLOv11x (GPU),GPU,640x360
1756476403.7270632,24.817338926790015,21.68440818786621,33.3,0.0,YOLOv11x (GPU),GPU,640x360
1756476403.7719173,23.66481228630429,22.115468978881836,25.0,0.0,YOLOv11x (GPU),GPU,640x360
1756476403.8090565,24.868692857735773,22.0794677734375,17.4,0.0,YOLOv11x (GPU),GPU,640x360
1756476403.8532917,24.532397496636836,21.701574325561523,12.5,0.0,YOLOv11x (GPU),GPU,640x360
1756476403.8937387,24.204517387440415,22.58920669555664,12.5,0.0,YOLOv11x (GPU),GPU,640x360
1756476403.9332688,24.607384026893676,22.938251495361328,30.4,0.0,YOLOv11x (GPU),GPU,640x360
1756476404.0630093,24.629926068599413,22.151470184326172,47.0,0.0,YOLOv11x (GPU),GPU,640x360
1756476404.1099505,7.488290797425528,32.40156173706055,40.0,0.0,YOLOv11x (GPU),GPU,640x360
1756476404.1501846,23.699578478680966,24.565696716308594,33.3,0.0,YOLOv11x (GPU),GPU,640x360
1756476404.1873577,26.920905514085277,23.611068725585938,11.8,0.0,YOLOv11x (GPU),GPU,640x360
1756476404.2272594,24.747784425484713,23.264408111572266,42.9,0.0,YOLOv11x (GPU),GPU,640x360
1756476404.2687702,25.473905412053373,21.57139778137207,12.5,0.0,YOLOv11x (GPU),GPU,640x360
1756476404.3079052,24.106580837979195,23.08058738708496,33.3,0.0,YOLOv11x (GPU),GPU,640x360
1756476404.3573313,22.033767953014845,26.84330940246582,18.8,0.0,YOLOv11x (GPU),GPU,640x360
1756476404.3935885,25.143144883315248,23.659467697143555,18.8,0.0,YOLOv11x (GPU),GPU,640x360
1756476404.4350774,25.262934721067783,22.613048553466797,16.7,0.0,YOLOv11x (GPU),GPU,640x360
1756476404.4760125,23.254533861891165,25.00128746032715,18.8,0.0,YOLOv11x (GPU),GPU,640x360
1756476404.5190904,25.05318488077603,24.074077606201172,11.8,0.0,YOLOv11x (GPU),GPU,640x360
1756476404.559291,23.689940694719006,24.135112762451172,20.0,0.0,YOLOv11x (GPU),GPU,640x360
1756476404.5997336,23.261756207399518,24.901866912841797,43.8,0.0,YOLOv11x (GPU),GPU,640x360
1756476404.6425245,25.21539747142883,23.597002029418945,8.3,0.0,YOLOv11x (GPU),GPU,640x360
1756476404.6823933,23.813953488372093,23.581981658935547,27.3,0.0,YOLOv11x (GPU),GPU,640x360
1756476404.7216325,25.48520458384474,23.1783390045166,11.1,0.0,YOLOv11x (GPU),GPU,640x360
1756476404.76441,24.26360607182525,23.679256439208984,29.2,0.0,YOLOv11x (GPU),GPU,640x360
1756476404.8072457,23.30829290521203,22.217512130737305,50.0,0.0,YOLOv11x (GPU),GPU,640x360
1756476404.8485677,25.152040681706424,22.724390029907227,0.0,0.0,YOLOv11x (GPU),GPU,640x360
1756476404.8902209,23.6914126265964,23.61917495727539,29.2,0.0,YOLOv11x (GPU),GPU,640x360
1756476404.9339607,22.34626204074674,25.122404098510742,16.7,0.0,YOLOv11x (GPU),GPU,640x360
1756476404.9712753,25.83829137122757,23.67401123046875,18.8,0.0,YOLOv11x (GPU),GPU,640x360
1756476405.0192032,24.774095994140648,23.15688133239746,16.7,0.0,YOLOv11x (GPU),GPU,640x360
1756476405.0609074,22.55317409960532,23.64206314086914,29.2,0.0,YOLOv11x (GPU),GPU,640x360
1756476405.0995739,23.1129332672067,28.234004974365234,26.7,0.0,YOLOv11x (GPU),GPU,640x360
1756476405.13274,28.110826642360227,23.148775100708008,38.1,0.0,YOLOv11x (GPU),GPU,640x360
1756476405.1747527,24.707693938983372,22.929906845092773,12.5,0.0,YOLOv11x (GPU),GPU,640x360
1756476405.2142005,24.768682937775704,22.769927978515625,28.0,0.0,YOLOv11x (GPU),GPU,640x360
1756476405.256877,24.257712282974563,23.514986038208008,12.5,0.0,YOLOv11x (GPU),GPU,640x360
1756476405.302744,24.774974010017957,23.136377334594727,12.5,0.0,YOLOv11x (GPU),GPU,640x360
1756476405.345506,22.855249678502148,26.151418685913086,12.5,0.0,YOLOv11x (GPU),GPU,640x360
1756476405.3811169,25.195706107443428,24.09672737121582,31.2,0.0,YOLOv11x (GPU),GPU,640x360
1756476405.420833,24.56961765791308,23.0865478515625,12.5,0.0,YOLOv11x (GPU),GPU,640x360
1756476405.4608636,24.230665688421077,23.11396598815918,25.0,0.0,YOLOv11x (GPU),GPU,640x360
1756476405.5010977,25.11393860284652,22.214412689208984,20.8,0.0,YOLOv11x (GPU),GPU,640x360
1756476405.5406773,24.769121746114234,22.144079208374023,16.7,0.0,YOLOv11x (GPU),GPU,640x360
1756476405.5845184,25.19162021910436,21.758317947387695,12.5,0.0,YOLOv11x (GPU),GPU,640x360
1756476405.623101,23.9943250726528,22.170305252075195,12.5,0.0,YOLOv11x (GPU),GPU,640x360
1756476405.6670134,23.79153005774445,23.122310638427734,29.2,0.0,YOLOv11x (GPU),GPU,640x360
1756476405.705131,25.056028483186676,23.041963577270508,12.5,0.0,YOLOv11x (GPU),GPU,640x360
1756476405.7453988,24.223528732313024,22.13573455810547,26.1,0.0,YOLOv11x (GPU),GPU,640x360
1756476405.787529,23.996109639512333,24.09672737121582,29.4,0.0,YOLOv11x (GPU),GPU,640x360
1756476405.829925,25.141336338406393,22.113800048828125,12.5,0.0,YOLOv11x (GPU),GPU,640x360
1756476405.8718455,22.999501000740274,25.72345733642578,12.5,0.0,YOLOv11x (GPU),GPU,640x360
1756476405.909669,26.045915484211505,23.824214935302734,25.0,0.0,YOLOv11x (GPU),GPU,640x360
1756476405.9512162,24.621684766656884,22.57561683654785,16.7,0.0,YOLOv11x (GPU),GPU,640x360
1756476405.9924688,23.87930268836182,24.921655654907227,25.0,0.0,YOLOv11x (GPU),GPU,640x360
1756476406.0301511,25.641943608930625,21.67057991027832,11.1,0.0,YOLOv11x (GPU),GPU,640x360
1756476406.076934,23.716061180062763,23.11873435974121,0.0,0.0,YOLOv11x (GPU),GPU,640x360
1756476406.1150503,24.448314855617344,23.633718490600586,43.8,0.0,YOLOv11x (GPU),GPU,640x360
1756476406.1518168,25.910438172192467,22.722721099853516,20.8,0.0,YOLOv11x (GPU),GPU,640x360
1756476406.193813,24.268519750736278,22.158145904541016,37.5,0.0,YOLOv11x (GPU),GPU,640x360
1756476406.2350025,24.457153519615616,23.541927337646484,8.3,0.0,YOLOv11x (GPU),GPU,640x360
1756476406.2757246,24.844681645056006,22.63808250427246,21.7,0.0,YOLOv11x (GPU),GPU,640x360
1756476406.318938,24.258413774356423,23.676156997680664,11.8,0.0,YOLOv11x (GPU),GPU,640x360
1756476406.3640091,21.73811461178458,24.57141876220703,18.8,0.0,YOLOv11x (GPU),GPU,640x360
1756476406.4011168,26.1841246059244,23.562908172607422,36.0,0.0,YOLOv11x (GPU),GPU,640x360
1756476406.44067,25.08990195667909,22.78757095336914,12.5,0.0,YOLOv11x (GPU),GPU,640x360
1756476406.4829664,25.088401193915576,23.088932037353516,29.2,0.0,YOLOv11x (GPU),GPU,640x360
1756476406.522257,22.74580664754147,24.78790283203125,31.2,0.0,YOLOv11x (GPU),GPU,640x360
1756476406.561505,26.504960630916422,22.16029167175293,12.5,0.0,YOLOv11x (GPU),GPU,640x360
1756476406.6062853,23.70051590373564,23.12302589416504,25.0,0.0,YOLOv11x (GPU),GPU,640x360
1756476406.6434207,25.85421841964137,21.469831466674805,12.5,0.0,YOLOv11x (GPU),GPU,640x360
1756476406.684086,23.99556051374467,21.559953689575195,29.2,0.0,YOLOv11x (GPU),GPU,640x360
1756476406.72477,24.261500818491545,23.155927658081055,50.0,0.0,YOLOv11x (GPU),GPU,640x360
1756476406.7670634,24.872969655278748,21.605491638183594,12.5,0.0,YOLOv11x (GPU),GPU,640x360
1756476406.8072472,23.958141979116686,22.13120460510254,29.2,0.0,YOLOv11x (GPU),GPU,640x360
1756476406.8495631,24.475421315531488,23.77033233642578,0.0,0.0,YOLOv11x (GPU),GPU,640x360
1756476406.983021,8.910685036275375,68.94207000732422,46.6,0.0,YOLOv11x (GPU),GPU,640x360
1756476407.017711,18.080922862044883,22.064924240112305,18.8,0.0,YOLOv11x (GPU),GPU,640x360
1756476407.057438,23.651467818516053,24.143218994140625,20.0,0.0,YOLOv11x (GPU),GPU,640x360
1756476407.1024988,22.806905739376308,24.606943130493164,37.5,0.0,YOLOv11x (GPU),GPU,640x360
1756476407.1417506,25.675849065843924,22.607803344726562,12.5,0.0,YOLOv11x (GPU),GPU,640x360
1756476407.1824725,24.249437747521174,23.106098175048828,37.5,0.0,YOLOv11x (GPU),GPU,640x360
1756476407.22415,23.879438640439524,24.315357208251953,18.8,0.0,YOLOv11x (GPU),GPU,640x360
1756476407.2659926,24.35759043421198,22.565126419067383,25.0,0.0,YOLOv11x (GPU),GPU,640x360
1756476407.306157,23.9211128157455,23.599624633789062,33.3,0.0,YOLOv11x (GPU),GPU,640x360
1756476407.3560781,22.052535279395993,28.81622314453125,18.8,0.0,YOLOv11x (GPU),GPU,640x360
1756476407.3928545,25.850075498443807,22.56035804748535,12.5,0.0,YOLOv11x (GPU),GPU,640x360
1756476407.4339952,24.196279096599266,24.14536476135254,28.0,0.0,YOLOv11x (GPU),GPU,640x360
1756476407.472058,24.99615013289789,23.374319076538086,18.8,0.0,YOLOv11x (GPU),GPU,640x360
1756476407.5142987,24.547616818054124,22.06587791442871,16.7,0.0,YOLOv11x (GPU),GPU,640x360
1756476407.5542557,23.555168676255033,22.7663516998291,37.5,0.0,YOLOv11x (GPU),GPU,640x360
1756476407.593524,25.473595986711448,21.176576614379883,17.4,0.0,YOLOv11x (GPU),GPU,640x360
1756476407.6366918,24.29058561897702,22.551298141479492,25.0,0.0,YOLOv11x (GPU),GPU,640x360
1756476407.6771615,25.330676039666148,20.68471908569336,12.5,0.0,YOLOv11x (GPU),GPU,640x360
1756476407.716394,23.92452399694263,21.67677879333496,36.0,0.0,YOLOv11x (GPU),GPU,640x360
1756476407.7591586,23.949660252383943,23.295879364013672,12.5,0.0,YOLOv11x (GPU),GPU,640x360
1756476407.8009307,24.925146782666573,22.5830078125,12.5,0.0,YOLOv11x (GPU),GPU,640x360
1756476407.840645,24.16366035061845,22.188186645507812,16.7,0.0,YOLOv11x (GPU),GPU,640x360
1756476407.8813865,24.26360607182525,23.6203670501709,18.8,0.0,YOLOv11x (GPU),GPU,640x360
1756476407.9234326,25.321347717682002,21.831750869750977,23.1,0.0,YOLOv11x (GPU),GPU,640x360
1756476407.962375,23.535210477291347,22.774457931518555,30.4,0.0,YOLOv11x (GPU),GPU,640x360
1756476408.0047069,23.88651028230055,24.23834800720215,29.4,0.0,YOLOv11x (GPU),GPU,640x360
1756476408.0456996,26.1749739454946,23.153305053710938,16.7,0.0,YOLOv11x (GPU),GPU,640x360
1756476408.0892868,22.101224068248523,27.655839920043945,25.0,0.0,YOLOv11x (GPU),GPU,640x360
1756476408.1262784,26.8003220406129,22.64714241027832,18.8,0.0,YOLOv11x (GPU),GPU,640x360
1756476408.1691883,24.735962444637096,23.655176162719727,36.0,0.0,YOLOv11x (GPU),GPU,640x360
1756476408.2082973,24.521927234671985,22.583961486816406,25.0,0.0,YOLOv11x (GPU),GPU,640x360
1756476408.2464683,25.122512787953568,22.650480270385742,25.0,0.0,YOLOv11x (GPU),GPU,640x360
1756476408.2866745,24.606662207985732,22.623062133789062,37.5,0.0,YOLOv11x (GPU),GPU,640x360
1756476408.3359017,24.18400189122024,22.116422653198242,0.0,0.0,YOLOv11x (GPU),GPU,640x360
1756476408.3715656,23.506456241033,25.11143684387207,13.6,0.0,YOLOv11x (GPU),GPU,640x360
1756476408.4128518,24.822185661699432,24.18231964111328,31.2,0.0,YOLOv11x (GPU),GPU,640x360
1756476408.4537258,24.572208585003487,23.557424545288086,12.5,0.0,YOLOv11x (GPU),GPU,640x360
1756476408.4933825,24.437631457819883,23.662805557250977,38.1,0.0,YOLOv11x (GPU),GPU,640x360
1756476408.5315037,26.31819237116378,22.04155921936035,12.5,0.0,YOLOv11x (GPU),GPU,640x360
1756476408.5967932,16.0427162779312,44.21353340148926,18.2,0.0,YOLOv11x (GPU),GPU,640x360
1756476408.6568303,16.790514087157028,47.010183334350586,21.9,0.0,YOLOv11x (GPU),GPU,640x360
1756476408.7194083,16.12567425730774,46.97465896606445,28.1,0.0,YOLOv11x (GPU),GPU,640x360
1756476408.7814155,16.3827840902433,47.454118728637695,34.4,0.0,YOLOv11x (GPU),GPU,640x360
1756476408.844162,15.941014161162082,49.18503761291504,45.5,0.0,YOLOv11x (GPU),GPU,640x360
1756476408.908064,15.650563252573724,49.32665824890137,21.9,0.0,YOLOv11x (GPU),GPU,640x360
1756476408.9706721,15.967716637352764,49.05962944030762,25.0,0.0,YOLOv11x (GPU),GPU,640x360
1756476409.0332553,15.84232850996967,47.58024215698242,28.1,0.0,YOLOv11x (GPU),GPU,640x360
1756476409.098645,15.683627987675372,49.75414276123047,18.8,0.0,YOLOv11x (GPU),GPU,640x360
1756476409.1710997,14.509899157628906,52.286624908447266,40.0,0.0,YOLOv11x (GPU),GPU,640x360
1756476409.2122622,22.381797030918154,24.521589279174805,41.7,0.0,YOLOv11x (GPU),GPU,640x360
1756476409.3727171,7.01751239352776,67.50774383544922,50.0,0.0,YOLOv11x (GPU),GPU,640x360
1756476409.4137185,16.645979100769534,24.431467056274414,18.8,0.0,YOLOv11x (GPU),GPU,640x360
1756476409.4543085,25.81316659178888,23.20098876953125,25.0,0.0,YOLOv11x (GPU),GPU,640x360
1756476409.494467,23.802736492046467,22.084951400756836,30.4,0.0,YOLOv11x (GPU),GPU,640x360
1756476409.5329382,25.336643651498402,22.221803665161133,11.8,0.0,YOLOv11x (GPU),GPU,640x360
1756476409.5767207,23.68231633983976,21.144866943359375,25.0,0.0,YOLOv11x (GPU),GPU,640x360
1756476409.6194925,24.54833517695878,20.583391189575195,24.0,0.0,YOLOv11x (GPU),GPU,640x360
1756476409.656906,24.454444217706907,20.722389221191406,6.2,0.0,YOLOv11x (GPU),GPU,640x360
1756476409.7033646,23.916611545742764,21.61860466003418,20.8,0.0,YOLOv11x (GPU),GPU,640x360
1756476409.7704263,14.763893386649395,47.43218421936035,27.3,0.0,YOLOv11x (GPU),GPU,640x360
1756476409.8329065,15.865219710180012,45.387983322143555,35.3,0.0,YOLOv11x (GPU),GPU,640x360
1756476409.898628,15.456888577693427,46.602725982666016,12.5,0.0,YOLOv11x (GPU),GPU,640x360
1756476409.9333034,24.537420656974874,21.106958389282227,15.0,0.0,YOLOv11x (GPU),GPU,640x360
1756476409.9781425,23.92479693346719,21.62933349609375,25.0,0.0,YOLOv11x (GPU),GPU,640x360
1756476410.013321,25.534698250932976,22.565603256225586,12.5,0.0,YOLOv11x (GPU),GPU,640x360
1756476410.0547493,23.522935162388464,22.918701171875,18.8,0.0,YOLOv11x (GPU),GPU,640x360
1756476410.107552,22.840563294379038,25.6960391998291,25.0,0.0,YOLOv11x (GPU),GPU,640x360
1756476410.1420026,25.15626461944461,24.802446365356445,37.5,0.0,YOLOv11x (GPU),GPU,640x360
1756476410.1896687,23.56761008939759,24.665117263793945,25.0,0.0,YOLOv11x (GPU),GPU,640x360
1756476410.222403,25.933828394061745,23.984670639038086,29.4,0.0,YOLOv11x (GPU),GPU,640x360
1756476410.2660892,23.4563706218228,22.587060928344727,16.7,0.0,YOLOv11x (GPU),GPU,640x360
1756476410.3040857,26.262822078206693,21.873950958251953,37.5,0.0,YOLOv11x (GPU),GPU,640x360
1756476410.3482347,22.208417831103297,25.57682991027832,12.5,0.0,YOLOv11x (GPU),GPU,640x360
1756476410.3874753,27.095687227060132,21.668672561645508,20.8,0.0,YOLOv11x (GPU),GPU,640x360
1756476410.4250875,25.297828066852837,21.924495697021484,12.5,0.0,YOLOv11x (GPU),GPU,640x360
1756476410.463909,24.10990653346056,21.287202835083008,45.5,0.0,YOLOv11x (GPU),GPU,640x360
1756476410.508338,24.201305183227646,21.265506744384766,16.7,0.0,YOLOv11x (GPU),GPU,640x360
1756476410.5486188,24.470851808634773,21.08931541442871,18.8,0.0,YOLOv11x (GPU),GPU,640x360
1756476410.5898325,23.905025162860415,22.294282913208008,33.3,0.0,YOLOv11x (GPU),GPU,640x360
1756476410.629334,25.44902070237604,21.7440128326416,12.5,0.0,YOLOv11x (GPU),GPU,640x360
1756476410.6716504,23.893586113785382,21.735429763793945,29.2,0.0,YOLOv11x (GPU),GPU,640x360
1756476410.7159703,22.35769722814499,24.103879928588867,33.3,0.0,YOLOv11x (GPU),GPU,640x360
1756476410.7528827,26.25756086567295,23.410558700561523,29.4,0.0,YOLOv11x (GPU),GPU,640x360
1756476410.800695,23.98485758235977,22.64094352722168,20.8,0.0,YOLOv11x (GPU),GPU,640x360
1756476410.8362718,23.429379004463215,22.066354751586914,47.1,0.0,YOLOv11x (GPU),GPU,640x360
1756476410.8767476,24.723860273746507,22.913217544555664,12.5,0.0,YOLOv11x (GPU),GPU,640x360
1756476410.9177763,25.33756199520349,21.881103515625,37.5,0.0,YOLOv11x (GPU),GPU,640x360
1756476410.9571133,25.127931079931464,21.213293075561523,18.8,0.0,YOLOv11x (GPU),GPU,640x360
1756476410.9970124,25.297980650920408,20.838022232055664,20.8,0.0,YOLOv11x (GPU),GPU,640x360
1756476411.0671597,15.719188837711327,43.57624053955078,0.0,0.0,YOLOv11x (GPU),GPU,640x360
1756476411.096448,26.141041701724536,24.26767349243164,31.2,0.0,YOLOv11x (GPU),GPU,640x360
1756476411.138312,26.119553371818583,22.206544876098633,32.0,0.0,YOLOv11x (GPU),GPU,640x360
1756476411.1765864,24.761810303094705,22.172212600708008,18.8,0.0,YOLOv11x (GPU),GPU,640x360
1756476411.2180924,24.9973419154896,21.9113826751709,20.8,0.0,YOLOv11x (GPU),GPU,640x360
1756476411.2583158,24.542589482676902,20.606279373168945,56.2,0.0,YOLOv11x (GPU),GPU,640x360
1756476411.298759,23.854042495108967,21.680593490600586,41.2,0.0,YOLOv11x (GPU),GPU,640x360
1756476411.347186,22.4458774610276,22.93539047241211,12.5,0.0,YOLOv11x (GPU),GPU,640x360
1756476411.3884869,24.014657383657017,25.719881057739258,36.0,0.0,YOLOv11x (GPU),GPU,640x360
1756476411.4565709,16.232706106367992,46.021461486816406,18.8,0.0,YOLOv11x (GPU),GPU,640x360
1756476411.5185187,15.54372792665256,44.27790641784668,21.9,0.0,YOLOv11x (GPU),GPU,640x360
1756476411.581951,15.98944788176138,44.87037658691406,28.1,0.0,YOLOv11x (GPU),GPU,640x360
1756476411.648253,15.08699030243734,44.71421241760254,28.1,0.0,YOLOv11x (GPU),GPU,640x360
1756476411.7133942,15.26022732234075,45.93944549560547,15.8,0.0,YOLOv11x (GPU),GPU,640x360
1756476411.7791314,14.84231274173629,46.112775802612305,15.6,0.0,YOLOv11x (GPU),GPU,640x360
1756476411.842347,15.556122600361986,45.72176933288574,28.1,0.0,YOLOv11x (GPU),GPU,640x360
1756476411.9038131,15.661082007490188,46.38195037841797,28.1,0.0,YOLOv11x (GPU),GPU,640x360
1756476411.9662187,16.133924175283113,46.87929153442383,21.9,0.0,YOLOv11x (GPU),GPU,640x360
1756476412.0009198,27.67038085248151,20.582914352416992,31.2,0.0,YOLOv11x (GPU),GPU,640x360
1756476412.0458572,24.151833425465266,21.806955337524414,29.2,0.0,YOLOv11x (GPU),GPU,640x360
1756476412.114027,14.458829450576726,50.5373477935791,12.5,0.0,YOLOv11x (GPU),GPU,640x360
1756476412.1807866,15.556641878233778,46.649932861328125,36.4,0.0,YOLOv11x (GPU),GPU,640x360
1756476412.244551,15.440898849931527,46.64015769958496,24.3,0.0,YOLOv11x (GPU),GPU,640x360
1756476412.3047888,16.111365487147182,44.95549201965332,28.0,0.0,YOLOv11x (GPU),GPU,640x360
1756476412.3727248,14.736090616524024,51.7420768737793,25.0,0.0,YOLOv11x (GPU),GPU,640x360
1756476412.4335368,16.109632816100785,44.70396041870117,18.8,0.0,YOLOv11x (GPU),GPU,640x360
1756476412.4958038,16.728369162046825,44.15392875671387,18.8,0.0,YOLOv11x (GPU),GPU,640x360
1756476412.556017,16.482443972004667,44.10910606384277,28.1,0.0,YOLOv11x (GPU),GPU,640x360
1756476412.618346,16.18435085932134,44.6469783782959,23.3,0.0,YOLOv11x (GPU),GPU,640x360
1756476412.6793687,16.16650992121614,45.18461227416992,12.5,0.0,YOLOv11x (GPU),GPU,640x360
1756476412.741034,16.569566196426386,45.54128646850586,10.0,0.0,YOLOv11x (GPU),GPU,640x360
1756476412.8035483,15.745034517191025,46.36979103088379,21.9,0.0,YOLOv11x (GPU),GPU,640x360
1756476412.872077,15.037497804053448,46.84925079345703,29.4,0.0,YOLOv11x (GPU),GPU,640x360
1756476412.9664457,15.17509063148983,45.7003116607666,37.5,0.0,YOLOv11x (GPU),GPU,640x360
1756476413.0309258,10.467259119506272,48.88200759887695,18.2,0.0,YOLOv11x (GPU),GPU,640x360
1756476413.071718,26.481532458676902,22.172927856445312,16.7,0.0,YOLOv11x (GPU),GPU,640x360
1756476413.1326659,15.149001336367249,46.38862609863281,12.5,0.0,YOLOv11x (GPU),GPU,640x360
1756476413.1703565,27.268675153107,21.108150482177734,25.0,0.0,YOLOv11x (GPU),GPU,640x360
1756476413.238054,15.49932745037175,45.900583267211914,25.0,0.0,YOLOv11x (GPU),GPU,640x360
1756476413.2984385,15.97148645149498,43.854713439941406,34.4,0.0,YOLOv11x (GPU),GPU,640x360
1756476413.3418272,26.540516597694168,21.149396896362305,50.0,0.0,YOLOv11x (GPU),GPU,640x360
1756476413.3813405,21.418305860244704,25.44879913330078,18.8,0.0,YOLOv11x (GPU),GPU,640x360
1756476413.4221323,25.848004535706362,22.624731063842773,41.7,0.0,YOLOv11x (GPU),GPU,640x360
1756476413.4608777,24.469281434680386,22.578954696655273,18.8,0.0,YOLOv11x (GPU),GPU,640x360
1756476413.4990547,25.209486831191622,21.5609073638916,8.7,0.0,YOLOv11x (GPU),GPU,640x360
1756476413.539292,24.18191042848577,21.27218246459961,25.0,0.0,YOLOv11x (GPU),GPU,640x360
1756476413.5811415,25.074302794798985,19.915342330932617,12.5,0.0,YOLOv11x (GPU),GPU,640x360
1756476413.6211233,24.8260056348699,19.068479537963867,33.3,0.0,YOLOv11x (GPU),GPU,640x360
1756476413.6638062,22.824902046147148,21.676063537597656,18.8,0.0,YOLOv11x (GPU),GPU,640x360
1756476413.7061834,24.633108397789407,21.580219268798828,12.5,0.0,YOLOv11x (GPU),GPU,640x360
1756476413.7473896,24.16769806972054,21.61097526550293,40.0,0.0,YOLOv11x (GPU),GPU,640x360
1756476413.7876494,24.812347300359086,21.188020706176758,18.8,0.0,YOLOv11x (GPU),GPU,640x360
1756476413.8329346,23.145329330743422,22.05967903137207,16.7,0.0,YOLOv11x (GPU),GPU,640x360
1756476413.873641,23.37883905777956,21.626949310302734,17.6,0.0,YOLOv11x (GPU),GPU,640x360
1756476413.913834,24.87710037307015,21.111249923706055,18.8,0.0,YOLOv11x (GPU),GPU,640x360
1756476413.9573634,24.369195014960926,21.943330764770508,12.5,0.0,YOLOv11x (GPU),GPU,640x360
1756476413.9961631,23.43068784251071,21.123647689819336,20.8,0.0,YOLOv11x (GPU),GPU,640x360
1756476414.0385802,24.668023290007646,22.68052101135254,12.5,0.0,YOLOv11x (GPU),GPU,640x360
1756476414.0826683,22.22406850069942,25.54154396057129,12.5,0.0,YOLOv11x (GPU),GPU,640x360
1756476414.1232471,25.7553115712426,21.686077117919922,36.0,0.0,YOLOv11x (GPU),GPU,640x360
1756476414.1607437,26.08073622683746,21.451950073242188,18.8,0.0,YOLOv11x (GPU),GPU,640x360
1756476414.205041,23.393443171550636,22.695541381835938,25.0,0.0,YOLOv11x (GPU),GPU,640x360
1756476414.2433357,25.078950515414604,21.7435359954834,47.6,0.0,YOLOv11x (GPU),GPU,640x360
1756476414.2847848,24.13571181954195,21.306753158569336,11.1,0.0,YOLOv11x (GPU),GPU,640x360
1756476414.3361063,24.101871006297984,21.92211151123047,0.0,0.0,YOLOv11x (GPU),GPU,640x360
1756476414.3748074,21.747469719595156,22.660493850708008,23.8,0.0,YOLOv11x (GPU),GPU,640x360
1756476414.4149418,23.97032786791558,23.621082305908203,35.3,0.0,YOLOv11x (GPU),GPU,640x360
1756476414.457514,24.21387953977335,22.779464721679688,18.8,0.0,YOLOv11x (GPU),GPU,640x360
1756476414.4951577,24.79474583385059,22.042274475097656,51.9,0.0,YOLOv11x (GPU),GPU,640x360
1756476414.5359528,24.931962194614517,22.519826889038086,27.8,0.0,YOLOv11x (GPU),GPU,640x360
1756476414.5803015,24.408903890359937,22.14789390563965,20.8,0.0,YOLOv11x (GPU),GPU,640x360
1756476414.6198452,24.02194693103784,21.550416946411133,29.2,0.0,YOLOv11x (GPU),GPU,640x360
1756476414.658577,25.158226215682863,20.64800262451172,25.0,0.0,YOLOv11x (GPU),GPU,640x360
1756476414.701293,23.71673169352559,22.089004516601562,25.0,0.0,YOLOv11x (GPU),GPU,640x360
1756476414.7490392,23.12580429952197,24.08742904663086,37.5,0.0,YOLOv11x (GPU),GPU,640x360
1756476414.7836504,26.94615656419646,21.50559425354004,25.0,0.0,YOLOv11x (GPU),GPU,640x360
1756476414.8289878,23.758377704769458,22.973060607910156,33.3,0.0,YOLOv11x (GPU),GPU,640x360
1756476414.8636532,23.313863906706835,26.08489990234375,12.5,0.0,YOLOv11x (GPU),GPU,640x360
1756476414.9018345,26.49608651981377,22.07803726196289,32.0,0.0,YOLOv11x (GPU),GPU,640x360
1756476414.9406164,25.128232164681638,22.223472595214844,12.5,0.0,YOLOv11x (GPU),GPU,640x360
1756476415.0062792,15.465836768707733,45.54319381713867,15.6,0.0,YOLOv11x (GPU),GPU,640x360
1756476415.038992,29.261429199310726,21.639585494995117,31.2,0.0,YOLOv11x (GPU),GPU,640x360
1756476415.0842817,21.83794028063416,24.590015411376953,25.0,0.0,YOLOv11x (GPU),GPU,640x360
1756476415.122446,26.195408328961502,22.026538848876953,28.0,0.0,YOLOv11x (GPU),GPU,640x360
1756476415.1656535,24.83644309171764,21.142244338989258,29.2,0.0,YOLOv11x (GPU),GPU,640x360
1756476415.209441,23.613119700944683,22.786378860473633,12.5,0.0,YOLOv11x (GPU),GPU,640x360
1756476415.248382,25.092753900641334,22.887706756591797,20.8,0.0,YOLOv11x (GPU),GPU,640x360
1756476415.2897067,23.34903554429816,22.676706314086914,25.0,0.0,YOLOv11x (GPU),GPU,640x360
1756476415.335797,25.422181275987054,22.74298667907715,0.0,0.0,YOLOv11x (GPU),GPU,640x360
1756476415.370489,23.56112303250233,23.355960845947266,28.6,0.0,YOLOv11x (GPU),GPU,640x360
1756476415.4107258,23.66027347804504,24.708032608032227,12.5,0.0,YOLOv11x (GPU),GPU,640x360
1756476415.453245,25.84402284756582,20.601272583007812,34.6,0.0,YOLOv11x (GPU),GPU,640x360
1756476415.4925995,23.17884103142235,22.74489402770996,18.8,0.0,YOLOv11x (GPU),GPU,640x360
1756476415.5308864,26.111097968661483,20.754337310791016,22.7,0.0,YOLOv11x (GPU),GPU,640x360
1756476415.572889,24.557965244273735,21.124601364135742,45.8,0.0,YOLOv11x (GPU),GPU,640x360
1756476415.613465,24.86220673139619,20.86782455444336,12.5,0.0,YOLOv11x (GPU),GPU,640x360
1756476415.6522357,24.748806608644344,20.712614059448242,16.7,0.0,YOLOv11x (GPU),GPU,640x360
1756476415.6937973,24.03213219579554,21.504878997802734,31.2,0.0,YOLOv11x (GPU),GPU,640x360
1756476415.7361302,24.801050154330113,20.69711685180664,33.3,0.0,YOLOv11x (GPU),GPU,640x360
1756476415.775041,24.733336871465553,21.122217178344727,22.7,0.0,YOLOv11x (GPU),GPU,640x360
1756476415.8174996,23.842787709973567,22.399425506591797,31.6,0.0,YOLOv11x (GPU),GPU,640x360
1756476415.8613122,24.84850854586925,21.213054656982422,25.0,0.0,YOLOv11x (GPU),GPU,640x360
1756476415.8989573,23.65453571327863,23.13065528869629,42.9,0.0,YOLOv11x (GPU),GPU,640x360
1756476415.9377863,25.570346887764433,21.12889289855957,11.1,0.0,YOLOv11x (GPU),GPU,640x360
1756476415.9810276,24.484422521234055,21.204710006713867,29.2,0.0,YOLOv11x (GPU),GPU,640x360
1756476416.0209267,24.48542306390034,21.71492576599121,25.0,0.0,YOLOv11x (GPU),GPU,640x360
1756476416.057664,25.76575381175285,20.66826820373535,37.5,0.0,YOLOv11x (GPU),GPU,640x360
1756476416.1013982,23.09982211011549,20.729541778564453,18.8,0.0,YOLOv11x (GPU),GPU,640x360
1756476416.1448758,24.749682832848485,20.868301391601562,12.5,0.0,YOLOv11x (GPU),GPU,640x360
1756476416.1830063,24.8773954768415,20.654916763305664,12.5,0.0,YOLOv11x (GPU),GPU,640x360
1756476416.2243755,23.675632348707644,21.164894104003906,31.2,0.0,YOLOv11x (GPU),GPU,640x360
1756476416.266241,25.04151790511899,20.215749740600586,32.0,0.0,YOLOv11x (GPU),GPU,640x360
1756476416.308464,24.27427830636387,21.622180938720703,25.0,0.0,YOLOv11x (GPU),GPU,640x360
1756476416.351386,22.022083493035247,26.28350257873535,12.5,0.0,YOLOv11x (GPU),GPU,640x360
1756476416.3922505,26.71786476414944,21.198272705078125,25.0,0.0,YOLOv11x (GPU),GPU,640x360
1756476416.4295554,23.66067389109207,22.66979217529297,18.8,0.0,YOLOv11x (GPU),GPU,640x360
1756476416.4713771,24.447744838600624,23.27275276184082,27.3,0.0,YOLOv11x (GPU),GPU,640x360
1756476416.511511,25.568164638755455,21.582603454589844,29.2,0.0,YOLOv11x (GPU),GPU,640x360
1756476416.556113,24.24046836079501,22.205114364624023,31.8,0.0,YOLOv11x (GPU),GPU,640x360
1756476416.5949864,23.446405312791732,23.75173568725586,20.0,0.0,YOLOv11x (GPU),GPU,640x360
1756476416.636937,25.34797454508095,23.230314254760742,25.0,0.0,YOLOv11x (GPU),GPU,640x360
1756476416.6785839,23.963480337544063,23.084640502929688,6.2,0.0,YOLOv11x (GPU),GPU,640x360
1756476416.7211242,25.2223725592779,23.12159538269043,12.5,0.0,YOLOv11x (GPU),GPU,640x360
1756476416.7593477,23.530061205141006,24.059534072875977,16.7,0.0,YOLOv11x (GPU),GPU,640x360
1756476416.8012972,24.413592391241078,23.164749145507812,25.0,0.0,YOLOv11x (GPU),GPU,640x360
1756476416.8414404,24.277509912308627,22.568464279174805,16.7,0.0,YOLOv11x (GPU),GPU,640x360
1756476416.8868282,23.05867606392629,24.788618087768555,20.8,0.0,YOLOv11x (GPU),GPU,640x360
1756476416.9251122,25.4951189564414,23.62513542175293,25.0,0.0,YOLOv11x (GPU),GPU,640x360
1756476416.9641783,24.876657730540202,24.02973175048828,25.0,0.0,YOLOv11x (GPU),GPU,640x360
1756476417.0065627,23.607936284580532,25.30980110168457,25.0,0.0,YOLOv11x (GPU),GPU,640x360
1756476417.0517006,23.478560712926267,24.513959884643555,20.8,0.0,YOLOv11x (GPU),GPU,640x360
1756476417.0957806,23.890047674107322,25.748252868652344,18.8,0.0,YOLOv11x (GPU),GPU,640x360
1756476417.1385632,24.72881635733321,24.13177490234375,20.8,0.0,YOLOv11x (GPU),GPU,640x360
1756476417.1768558,23.96060554127392,23.087024688720703,18.8,0.0,YOLOv11x (GPU),GPU,640x360
1756476417.219264,24.639620269524045,23.350954055786133,29.2,0.0,YOLOv11x (GPU),GPU,640x360
1756476417.2598605,24.341051800782292,24.56974983215332,29.2,0.0,YOLOv11x (GPU),GPU,640x360
1756476417.3010762,23.437889066464006,24.10578727722168,12.5,0.0,YOLOv11x (GPU),GPU,640x360
1756476417.3485482,24.518486908638135,24.679183959960938,12.5,0.0,YOLOv11x (GPU),GPU,640x360
1756476417.3932698,20.46051854923291,27.070999145507812,37.5,0.0,YOLOv11x (GPU),GPU,640x360
1756476417.4361413,22.63166584830221,26.667356491088867,20.8,0.0,YOLOv11x (GPU),GPU,640x360
1756476417.4765766,24.123634732295375,25.12955665588379,25.0,0.0,YOLOv11x (GPU),GPU,640x360
1756476417.5194187,24.954806159118494,24.773359298706055,29.4,0.0,YOLOv11x (GPU),GPU,640x360
1756476417.5591178,23.158492212044415,26.1232852935791,33.3,0.0,YOLOv11x (GPU),GPU,640x360
1756476417.6006248,24.208149601754588,25.72035789489746,18.8,0.0,YOLOv11x (GPU),GPU,640x360
1756476417.6438658,24.70652961446706,24.685382843017578,18.8,0.0,YOLOv11x (GPU),GPU,640x360
1756476417.6850815,22.872948182403174,26.169538497924805,36.0,0.0,YOLOv11x (GPU),GPU,640x360
1756476417.721322,25.11093150373284,25.82573890686035,18.8,0.0,YOLOv11x (GPU),GPU,640x360
1756476417.7635005,24.3595709216357,25.07328987121582,16.7,0.0,YOLOv11x (GPU),GPU,640x360
1756476417.8065846,22.910930245261376,26.498794555664062,40.9,0.0,YOLOv11x (GPU),GPU,640x360
1756476417.8467379,24.93151759761759,26.069164276123047,0.0,0.0,YOLOv11x (GPU),GPU,640x360
1756476417.8871415,25.010757304710793,26.398181915283203,33.3,0.0,YOLOv11x (GPU),GPU,640x360
1756476417.928534,25.28501757283836,25.543212890625,35.3,0.0,YOLOv11x (GPU),GPU,640x360
1756476417.9675508,23.919475794264077,25.464296340942383,12.5,0.0,YOLOv11x (GPU),GPU,640x360
1756476418.0127916,23.628284285006085,26.22079849243164,65.4,0.0,YOLOv11x (GPU),GPU,640x360
1756476418.0534732,24.950649597867987,25.986671447753906,25.0,0.0,YOLOv11x (GPU),GPU,640x360
1756476418.2128708,7.516902844710323,59.69738960266113,57.3,0.0,YOLOv11x (GPU),GPU,640x360
1756476418.2542114,14.865563939620555,26.671648025512695,29.4,0.0,YOLOv11x (GPU),GPU,640x360
1756476418.2979352,23.74183615131635,27.60910987854004,29.2,0.0,YOLOv11x (GPU),GPU,640x360
1756476418.3478856,21.677221960938347,29.555559158325195,37.5,0.0,YOLOv11x (GPU),GPU,640x360
1756476418.3925927,20.159301733170558,28.676271438598633,25.0,0.0,YOLOv11x (GPU),GPU,640x360
1756476418.4327154,22.810998955795338,26.803255081176758,38.5,0.0,YOLOv11x (GPU),GPU,640x360
1756476418.4767606,23.566815563983706,29.137611389160156,31.2,0.0,YOLOv11x (GPU),GPU,640x360
1756476418.5194612,24.345007719721856,28.04279327392578,18.8,0.0,YOLOv11x (GPU),GPU,640x360
1756476418.5604236,23.36581507024835,27.26292610168457,29.2,0.0,YOLOv11x (GPU),GPU,640x360
1756476418.6066363,23.342928061798066,30.116796493530273,33.3,0.0,YOLOv11x (GPU),GPU,640x360
1756476418.6464975,24.0069600256422,28.692245483398438,18.8,0.0,YOLOv11x (GPU),GPU,640x360
1756476418.6877952,23.48026938213412,26.095867156982422,21.7,0.0,YOLOv11x (GPU),GPU,640x360
1756476418.734047,22.61153460489288,29.2203426361084,24.0,0.0,YOLOv11x (GPU),GPU,640x360
1756476418.7776759,21.674309485052838,29.10614013671875,32.0,0.0,YOLOv11x (GPU),GPU,640x360
1756476418.8218465,23.16168934440714,28.64861488342285,33.3,0.0,YOLOv11x (GPU),GPU,640x360
1756476418.8681872,22.372843022728606,32.17935562133789,50.0,0.0,YOLOv11x (GPU),GPU,640x360
1756476418.9087114,22.473659393887438,28.357744216918945,37.5,0.0,YOLOv11x (GPU),GPU,640x360
1756476418.950408,25.052586309879345,27.731657028198242,28.0,0.0,YOLOv11x (GPU),GPU,640x360
1756476418.9925766,23.187810972778134,28.95522117614746,12.5,0.0,YOLOv11x (GPU),GPU,640x360
1756476419.0330248,24.61576022207746,27.605533599853516,15.0,0.0,YOLOv11x (GPU),GPU,640x360
1756476419.078779,24.401235681166334,28.151988983154297,0.0,0.0,YOLOv11x (GPU),GPU,640x360
1756476419.119649,21.75604290723489,32.23466873168945,26.1,0.0,YOLOv11x (GPU),GPU,640x360
1756476419.15913,24.929887544280927,27.61220932006836,17.6,0.0,YOLOv11x (GPU),GPU,640x360
1756476419.201926,24.323830290658563,28.231382369995117,20.8,0.0,YOLOv11x (GPU),GPU,640x360
1756476419.2428632,24.402797332992005,25.94280242919922,31.2,0.0,YOLOv11x (GPU),GPU,640x360
1756476419.3215868,14.579603243848263,56.075096130371094,22.0,0.0,YOLOv11x (GPU),GPU,640x360
1756476419.4039147,11.786619755910445,62.75486946105957,20.0,0.0,YOLOv11x (GPU),GPU,640x360
1756476419.4843357,12.679466134615094,57.71684646606445,25.0,0.0,YOLOv11x (GPU),GPU,640x360
1756476419.5614984,13.2401392733919,53.820133209228516,28.6,0.0,YOLOv11x (GPU),GPU,640x360
1756476419.6362514,12.917952003153797,54.068803787231445,27.5,0.0,YOLOv11x (GPU),GPU,640x360
1756476419.712199,13.179191332654625,56.7166805267334,21.1,0.0,YOLOv11x (GPU),GPU,640x360
1756476419.7863624,13.500312216349837,53.8487434387207,20.6,0.0,YOLOv11x (GPU),GPU,640x360
1756476419.8640392,13.377125306576769,53.71451377868652,12.5,0.0,YOLOv11x (GPU),GPU,640x360
1756476419.9417372,12.534079227330322,53.797245025634766,26.8,0.0,YOLOv11x (GPU),GPU,640x360
1756476420.0232627,13.427272610861408,54.81719970703125,29.3,0.0,YOLOv11x (GPU),GPU,640x360
1756476420.099293,11.7366195724867,56.47444725036621,12.5,0.0,YOLOv11x (GPU),GPU,640x360
1756476420.176201,13.278324405779482,53.75385284423828,20.0,0.0,YOLOv11x (GPU),GPU,640x360
1756476420.2540858,12.777773038842346,53.10940742492676,22.5,0.0,YOLOv11x (GPU),GPU,640x360
1756476420.3333895,13.703472340203087,52.184343338012695,0.0,0.0,YOLOv11x (GPU),GPU,640x360
1756476420.4122136,11.890841257151282,60.00709533691406,15.0,0.0,YOLOv11x (GPU),GPU,640x360
1756476420.490481,13.24235478350919,54.7330379486084,22.5,0.0,YOLOv11x (GPU),GPU,640x360
1756476420.5663283,12.740550835487486,52.90484428405762,22.5,0.0,YOLOv11x (GPU),GPU,640x360
1756476420.6395376,13.432949013579298,52.02960968017578,25.0,0.0,YOLOv11x (GPU),GPU,640x360
1756476420.714254,13.4458677950888,52.65498161315918,15.0,0.0,YOLOv11x (GPU),GPU,640x360
1756476420.7876644,13.63194467014645,53.32064628601074,15.6,0.0,YOLOv11x (GPU),GPU,640x360
1756476420.864102,13.336122884387311,52.87671089172363,0.0,0.0,YOLOv11x (GPU),GPU,640x360
1756476420.9394689,13.556382253221589,51.20682716369629,22.5,0.0,YOLOv11x (GPU),GPU,640x360
1756476421.010147,13.525518940481065,51.28884315490723,31.7,0.0,YOLOv11x (GPU),GPU,640x360
1756476421.0905352,12.797149072624812,58.75825881958008,31.2,0.0,YOLOv11x (GPU),GPU,640x360
1756476421.1643193,13.357868755871909,51.71465873718262,15.6,0.0,YOLOv11x (GPU),GPU,640x360
1756476421.3362148,13.265767375662213,53.308963775634766,0.0,0.0,YOLOv11x (GPU),GPU,640x360
1756476421.3893158,6.851422784148453,98.4811782836914,33.3,0.0,YOLOv11x (GPU),GPU,640x360
1756476421.4654346,12.64426195902519,52.37770080566406,17.5,0.0,YOLOv11x (GPU),GPU,640x360
1756476421.544685,12.851534779970953,53.03025245666504,17.5,0.0,YOLOv11x (GPU),GPU,640x360
1756476421.617677,13.146722334016637,52.858591079711914,15.6,0.0,YOLOv11x (GPU),GPU,640x360
1756476421.6942356,13.43187356892383,53.3292293548584,22.9,0.0,YOLOv11x (GPU),GPU,640x360
1756476421.7735548,12.578773583491031,54.2604923248291,12.5,0.0,YOLOv11x (GPU),GPU,640x360
1756476421.8544552,12.838749766599019,53.83419990539551,12.5,0.0,YOLOv11x (GPU),GPU,640x360
1756476421.9315488,12.282974056513986,53.351402282714844,20.5,0.0,YOLOv11x (GPU),GPU,640x360
1756476422.0051303,13.526827553511593,52.172183990478516,21.2,0.0,YOLOv11x (GPU),GPU,640x360
1756476422.0829213,13.82274292682123,50.93789100646973,0.0,0.0,YOLOv11x (GPU),GPU,640x360
1756476422.1591632,12.899398748289277,51.90110206604004,22.5,0.0,YOLOv11x (GPU),GPU,640x360
1756476422.2336192,13.038219669063361,52.144765853881836,20.0,0.0,YOLOv11x (GPU),GPU,640x360
1756476422.3061235,13.391518680995894,50.85420608520508,26.3,0.0,YOLOv11x (GPU),GPU,640x360
1756476422.3832395,13.310433684317422,53.9700984954834,16.7,0.0,YOLOv11x (GPU),GPU,640x360
1756476422.4591923,13.242772887435118,52.38771438598633,31.2,0.0,YOLOv11x (GPU),GPU,640x360
1756476422.5358322,12.794494556480519,52.04439163208008,17.5,0.0,YOLOv11x (GPU),GPU,640x360
1756476422.6134226,13.08360861821029,53.38430404663086,30.0,0.0,YOLOv11x (GPU),GPU,640x360
1756476422.684969,13.572042454051255,50.454139709472656,22.5,0.0,YOLOv11x (GPU),GPU,640x360
1756476422.7584693,13.982225126177601,51.427364349365234,15.6,0.0,YOLOv11x (GPU),GPU,640x360
1756476422.83555,13.342868413350809,52.864789962768555,21.9,0.0,YOLOv11x (GPU),GPU,640x360
1756476422.9121094,12.474285918224105,53.96389961242676,27.3,0.0,YOLOv11x (GPU),GPU,640x360
1756476422.9866958,13.502441788219539,52.468061447143555,22.5,0.0,YOLOv11x (GPU),GPU,640x360
1756476423.05903,13.630349865786206,51.268815994262695,27.5,0.0,YOLOv11x (GPU),GPU,640x360
1756476423.140008,13.001965343005052,54.83675003051758,26.5,0.0,YOLOv11x (GPU),GPU,640x360
1756476423.2125287,12.886835119457281,53.446292877197266,32.5,0.0,YOLOv11x (GPU),GPU,640x360
1756476423.2880454,13.702845568296906,51.897287368774414,28.1,0.0,YOLOv11x (GPU),GPU,640x360
1756476423.3722682,12.205659476888336,58.30883979797363,45.8,0.0,YOLOv11x (GPU),GPU,640x360
1756476423.450789,12.759658793609074,53.45797538757324,22.5,0.0,YOLOv11x (GPU),GPU,640x360
1756476423.5266967,12.845788209927965,53.77364158630371,20.5,0.0,YOLOv11x (GPU),GPU,640x360
1756476423.604271,13.076551831644583,54.34823036193848,22.0,0.0,YOLOv11x (GPU),GPU,640x360
1756476423.679693,12.907735155180108,53.85875701904297,18.8,0.0,YOLOv11x (GPU),GPU,640x360
1756476423.756602,13.082384352181954,54.26311492919922,10.5,0.0,YOLOv11x (GPU),GPU,640x360
1756476423.8349226,13.10707712115199,52.649497985839844,36.6,0.0,YOLOv11x (GPU),GPU,640x360
1756476423.913675,12.683722224238245,52.64091491699219,12.5,0.0,YOLOv11x (GPU),GPU,640x360
1756476423.992032,12.88378707967157,53.10940742492676,28.1,0.0,YOLOv11x (GPU),GPU,640x360
1756476424.0717168,12.656509603343443,51.69367790222168,25.0,0.0,YOLOv11x (GPU),GPU,640x360
1756476424.1440966,13.114371922144922,55.26852607727051,25.0,0.0,YOLOv11x (GPU),GPU,640x360
1756476424.2143214,13.46749764801454,52.155256271362305,25.0,0.0,YOLOv11x (GPU),GPU,640x360
1756476424.2867103,14.307705952584001,51.78236961364746,21.9,0.0,YOLOv11x (GPU),GPU,640x360
1756476424.3645537,13.083812684825874,54.83675003051758,12.5,0.0,YOLOv11x (GPU),GPU,640x360
1756476424.4383945,13.105971315189201,53.27248573303223,19.5,0.0,YOLOv11x (GPU),GPU,640x360
1756476424.5092194,14.321580518052624,50.29606819152832,17.5,0.0,YOLOv11x (GPU),GPU,640x360
1756476424.5847354,13.800820618787366,52.91438102722168,18.8,0.0,YOLOv11x (GPU),GPU,640x360
1756476424.6552749,13.62592181094023,50.78744888305664,15.0,0.0,YOLOv11x (GPU),GPU,640x360
1756476424.7267666,14.180054024997549,50.88162422180176,15.6,0.0,YOLOv11x (GPU),GPU,640x360
1756476424.8943458,13.27597077852196,52.60419845581055,0.0,0.0,YOLOv11x (GPU),GPU,640x360
1756476425.1771863,3.8600826075112464,148.65589141845703,87.8,0.0,YOLOv11x (GPU),GPU,640x360
1756476425.3449903,4.909948656476003,67.43788719177246,0.0,0.0,YOLOv11x (GPU),GPU,640x360
1756476425.464975,6.917207326364952,72.2651481628418,79.7,0.0,YOLOv11x (GPU),GPU,640x360
1756476425.612533,7.630988226860805,73.82488250732422,56.9,0.0,YOLOv11x (GPU),GPU,640x360
1756476425.7219872,9.357940955984722,72.23629951477051,87.9,0.0,YOLOv11x (GPU),GPU,640x360
1756476425.8766809,6.18860753143508,67.16513633728027,87.5,0.0,YOLOv11x (GPU),GPU,640x360
1756476425.9779704,6.420052868992351,79.32806015014648,62.5,0.0,YOLOv11x (GPU),GPU,640x360
1756476426.142748,8.977976227425579,76.33113861083984,78.8,0.0,YOLOv11x (GPU),GPU,640x360
1756476427.135792,1.6954512730525653,313.2972717285156,81.2,0.0,YOLOv11x (GPU),GPU,640x360
1756476427.2324085,1.8487836335001409,83.95814895629883,77.6,0.0,YOLOv11x (GPU),GPU,640x360
1756476427.3645186,8.268059689723827,77.67105102539062,88.2,0.0,YOLOv11x (GPU),GPU,640x360
1756476427.6248908,7.981943921107419,74.25069808959961,55.4,0.0,YOLOv11x (GPU),GPU,640x360
1756476427.7038908,4.192610185485064,77.54921913146973,41.5,0.0,YOLOv11x (GPU),GPU,640x360
1756476427.8090153,9.430106704917959,72.39937782287598,40.4,0.0,YOLOv11x (GPU),GPU,640x360
1756476427.911452,9.394558539267708,74.25880432128906,33.3,0.0,YOLOv11x (GPU),GPU,640x360
1756476428.0132484,9.973354004627263,70.07479667663574,29.6,0.0,YOLOv11x (GPU),GPU,640x360
1756476428.1188748,9.54854630845898,74.9814510345459,50.0,0.0,YOLOv11x (GPU),GPU,640x360
1756476428.2161093,9.97565488733607,67.60740280151367,35.4,0.0,YOLOv11x (GPU),GPU,640x360
1756476428.3100426,10.60520107713119,65.97542762756348,31.2,0.0,YOLOv11x (GPU),GPU,640x360
1756476428.4097133,9.882786489320342,72.91555404663086,50.0,0.0,YOLOv11x (GPU),GPU,640x360
1756476428.5056114,10.693399076569284,65.76299667358398,46.9,0.0,YOLOv11x (GPU),GPU,640x360
1756476428.5968218,10.963752185925905,62.08324432373047,18.8,0.0,YOLOv11x (GPU),GPU,640x360
1756476428.6900682,10.69705355025134,63.37285041809082,16.7,0.0,YOLOv11x (GPU),GPU,640x360
1756476428.7806592,10.8392552105542,64.35966491699219,20.4,0.0,YOLOv11x (GPU),GPU,640x360
1756476428.8806922,11.167508473538332,61.82241439819336,75.0,0.0,YOLOv11x (GPU),GPU,640x360
1756476428.9611642,10.516652667209929,63.38644027709961,12.5,0.0,YOLOv11x (GPU),GPU,640x360
1756476429.0496967,12.035478270850371,59.992313385009766,15.0,0.0,YOLOv11x (GPU),GPU,640x360
1756476429.1404042,10.57282723225764,66.04123115539551,9.4,0.0,YOLOv11x (GPU),GPU,640x360
1756476429.2223547,11.629104479681041,60.33635139465332,30.0,0.0,YOLOv11x (GPU),GPU,640x360
1756476429.303026,12.641708586636446,58.47477912902832,24.4,0.0,YOLOv11x (GPU),GPU,640x360
1756476429.383006,12.198808128459206,59.783935546875,43.3,0.0,YOLOv11x (GPU),GPU,640x360
1756476429.4624007,12.903605302585149,56.30755424499512,27.5,0.0,YOLOv11x (GPU),GPU,640x360
1756476429.5446339,12.395943976994985,57.86848068237305,17.5,0.0,YOLOv11x (GPU),GPU,640x360
1756476429.6258848,12.48119029906264,57.4491024017334,30.0,0.0,YOLOv11x (GPU),GPU,640x360
1756476429.7035327,12.617066398741393,54.491519927978516,37.5,0.0,YOLOv11x (GPU),GPU,640x360
1756476429.7845078,12.187677796729847,55.33790588378906,25.0,0.0,YOLOv11x (GPU),GPU,640x360
1756476429.8724873,12.440800733224378,57.25431442260742,50.0,0.0,YOLOv11x (GPU),GPU,640x360
1756476429.953387,11.557549337845062,56.37311935424805,15.0,0.0,YOLOv11x (GPU),GPU,640x360
1756476430.037136,11.749376017211,60.03856658935547,32.5,0.0,YOLOv11x (GPU),GPU,640x360
1756476430.1205924,12.265337871822766,58.79378318786621,16.7,0.0,YOLOv11x (GPU),GPU,640x360
1756476430.2039833,12.37177528301998,55.199623107910156,15.0,0.0,YOLOv11x (GPU),GPU,640x360
1756476430.2809439,12.490891601571224,53.868770599365234,43.9,0.0,YOLOv11x (GPU),GPU,640x360
1756476430.3640459,11.904780015951362,58.89582633972168,50.0,0.0,YOLOv11x (GPU),GPU,640x360
1756476430.4449928,12.206440948273354,57.70564079284668,43.9,0.0,YOLOv11x (GPU),GPU,640x360
1756476430.5290887,12.229789070381797,58.56013298034668,50.0,0.0,YOLOv11x (GPU),GPU,640x360
1756476430.6133964,12.14589070648979,56.7626953125,20.0,0.0,YOLOv11x (GPU),GPU,640x360
1756476430.699894,11.432328193610463,59.92436408996582,39.6,0.0,YOLOv11x (GPU),GPU,640x360
1756476430.778997,12.32911712400241,56.61439895629883,26.8,0.0,YOLOv11x (GPU),GPU,640x360
1756476430.8597925,12.699544617769597,54.18109893798828,27.5,0.0,YOLOv11x (GPU),GPU,640x360
1756476431.0309134,11.539583625653766,60.535430908203125,38.9,0.0,YOLOv11x (GPU),GPU,640x360
1756476431.0942867,6.861308232645944,77.90017127990723,25.0,0.0,YOLOv11x (GPU),GPU,640x360
1756476431.1735072,11.80237381042158,56.02145195007324,17.1,0.0,YOLOv11x (GPU),GPU,640x360
1756476431.2542973,12.311095326290825,58.02631378173828,25.0,0.0,YOLOv11x (GPU),GPU,640x360
1756476431.3375068,12.759891697849168,55.617570877075195,50.0,0.0,YOLOv11x (GPU),GPU,640x360
1756476431.4187627,11.795403669415165,56.18715286254883,36.6,0.0,YOLOv11x (GPU),GPU,640x360
1756476431.4983835,12.559676598293157,55.48572540283203,31.0,0.0,YOLOv11x (GPU),GPU,640x360
1756476431.5784764,12.337059086523755,57.007551193237305,43.9,0.0,YOLOv11x (GPU),GPU,640x360
1756476431.6520092,13.264382937813085,53.28369140625,42.5,0.0,YOLOv11x (GPU),GPU,640x360
1756476431.7263744,13.153525071109815,54.98242378234863,15.6,0.0,YOLOv11x (GPU),GPU,640x360
1756476431.800349,13.246453340744578,55.89747428894043,15.6,0.0,YOLOv11x (GPU),GPU,640x360
1756476431.875779,13.713687844942585,54.84342575073242,12.5,0.0,YOLOv11x (GPU),GPU,640x360
1756476431.9518557,13.24507293104156,54.95786666870117,20.0,0.0,YOLOv11x (GPU),GPU,640x360
1756476432.0247412,13.527961889648989,51.744699478149414,20.0,0.0,YOLOv11x (GPU),GPU,640x360
1756476432.1022797,13.090999887639047,57.267189025878906,22.7,0.0,YOLOv11x (GPU),GPU,640x360
1756476432.1783636,13.461100751956918,52.98662185668945,12.5,0.0,YOLOv11x (GPU),GPU,640x360
1756476432.2519126,13.31897164922264,53.00331115722656,30.0,0.0,YOLOv11x (GPU),GPU,640x360
1756476432.3280401,13.331841529776739,53.46822738647461,27.5,0.0,YOLOv11x (GPU),GPU,640x360
1756476432.4205034,12.100862059016999,59.97300148010254,27.1,0.0,YOLOv11x (GPU),GPU,640x360
1756476432.49015,12.2915410201181,51.900386810302734,18.8,0.0,YOLOv11x (GPU),GPU,640x360
1756476432.56344,13.653066671874898,52.47187614440918,36.6,0.0,YOLOv11x (GPU),GPU,640x360
1756476432.6393342,13.337904059275276,54.16297912597656,23.8,0.0,YOLOv11x (GPU),GPU,640x360
1756476432.7102618,13.799095260811633,51.729440689086914,15.6,0.0,YOLOv11x (GPU),GPU,640x360
1756476432.784699,13.336589336589336,53.77793312072754,12.5,0.0,YOLOv11x (GPU),GPU,640x360
1756476432.863123,13.558748702896137,54.18705940246582,0.0,0.0,YOLOv11x (GPU),GPU,640x360
1756476432.9347255,13.516365733952494,53.18784713745117,35.0,0.0,YOLOv11x (GPU),GPU,640x360
1756476433.0105107,13.640811494656598,52.36649513244629,22.5,0.0,YOLOv11x (GPU),GPU,640x360
1756476433.0860026,13.128780432836475,54.26168441772461,0.0,0.0,YOLOv11x (GPU),GPU,640x360
1756476433.1607728,13.110723506942492,52.52575874328613,21.2,0.0,YOLOv11x (GPU),GPU,640x360
1756476433.2380042,13.38745806748143,53.46083641052246,20.0,0.0,YOLOv11x (GPU),GPU,640x360
1756476433.3129723,13.199555640874745,51.98192596435547,34.1,0.0,YOLOv11x (GPU),GPU,640x360
1756476433.3942938,12.740705639343266,56.799888610839844,15.6,0.0,YOLOv11x (GPU),GPU,640x360
1756476433.4704754,12.693126416675998,53.96676063537598,38.1,0.0,YOLOv11x (GPU),GPU,640x360
1756476433.5509095,12.842798878097174,54.650068283081055,27.5,0.0,YOLOv11x (GPU),GPU,640x360
1756476433.6267304,12.82022722618389,53.22146415710449,30.0,0.0,YOLOv11x (GPU),GPU,640x360
1756476433.7042227,12.758998944432108,53.76791954040527,17.5,0.0,YOLOv11x (GPU),GPU,640x360
1756476433.7797081,13.1852815894123,52.124977111816406,36.6,0.0,YOLOv11x (GPU),GPU,640x360
1756476433.856473,13.239554168073964,52.170515060424805,17.5,0.0,YOLOv11x (GPU),GPU,640x360
1756476433.9325056,12.815879049359253,53.427696228027344,25.6,0.0,YOLOv11x (GPU),GPU,640x360
1756476434.0083408,13.276559107110073,53.71546745300293,21.9,0.0,YOLOv11x (GPU),GPU,640x360
1756476434.0903826,12.134365190724855,59.29994583129883,25.0,0.0,YOLOv11x (GPU),GPU,640x360
1756476434.1667178,13.365786194787274,54.06999588012695,24.4,0.0,YOLOv11x (GPU),GPU,640x360
1756476434.243598,13.057052756756084,54.4428825378418,20.5,0.0,YOLOv11x (GPU),GPU,640x360
1756476434.3246248,12.819051752329665,53.93719673156738,15.0,0.0,YOLOv11x (GPU),GPU,640x360
1756476434.4057882,12.41947175174701,53.936004638671875,31.7,0.0,YOLOv11x (GPU),GPU,640x360
1756476434.482902,12.81176862291106,50.840139389038086,20.0,0.0,YOLOv11x (GPU),GPU,640x360
1756476434.558344,12.739699481519056,51.21040344238281,22.5,0.0,YOLOv11x (GPU),GPU,640x360
1756476434.632735,13.257381272224418,51.22041702270508,20.6,0.0,YOLOv11x (GPU),GPU,640x360
1756476434.7111535,13.080956331360209,54.253578186035156,12.5,0.0,YOLOv11x (GPU),GPU,640x360
1756476434.7872267,12.873900779314853,52.51789093017578,22.2,0.0,YOLOv11x (GPU),GPU,640x360
1756476434.8665202,13.339643284227668,52.408456802368164,0.0,0.0,YOLOv11x (GPU),GPU,640x360
1756476434.9431715,12.508324858866578,53.072214126586914,30.6,0.0,YOLOv11x (GPU),GPU,640x360
1756476435.0234303,13.230074315202442,51.99480056762695,27.5,0.0,YOLOv11x (GPU),GPU,640x360
1756476435.109145,11.448961097098934,57.56711959838867,12.5,0.0,YOLOv11x (GPU),GPU,640x360
1756476435.1880963,12.592368869020634,52.77681350708008,15.0,0.0,YOLOv11x (GPU),GPU,640x360
1756476435.3393207,7.454274345043551,105.39937019348145,37.5,0.0,YOLOv11x (GPU),GPU,640x360
1756476435.421115,9.95068669945363,57.2664737701416,30.0,0.0,YOLOv11x (GPU),GPU,640x360
1756476435.5018852,12.769370345789214,54.27098274230957,25.0,0.0,YOLOv11x (GPU),GPU,640x360
1756476435.5785031,13.006561728624765,49.89767074584961,20.0,0.0,YOLOv11x (GPU),GPU,640x360
1756476435.6545928,13.045519154746465,51.34725570678711,25.0,0.0,YOLOv11x (GPU),GPU,640x360
1756476435.736632,13.883275076792712,46.45586013793945,15.0,0.0,YOLOv11x (GPU),GPU,640x360
1756476435.8182425,12.003205201584285,51.39040946960449,17.5,0.0,YOLOv11x (GPU),GPU,640x360
1756476435.901269,10.87807787869514,57.878732681274414,16.7,0.0,YOLOv11x (GPU),GPU,640x360
1756476435.98427,12.86916074239305,52.555084228515625,30.0,0.0,YOLOv11x (GPU),GPU,640x360
1756476436.0604055,12.665376264860507,49.906253814697266,15.0,0.0,YOLOv11x (GPU),GPU,640x360
1756476436.1492884,11.173339371578512,61.092376708984375,20.6,0.0,YOLOv11x (GPU),GPU,640x360
1756476436.22816,12.512093550504147,54.53014373779297,31.0,0.0,YOLOv11x (GPU),GPU,640x360
1756476436.3075407,13.017622485273213,50.35114288330078,22.5,0.0,YOLOv11x (GPU),GPU,640x360
1756476436.4051006,11.801842462168748,56.06341361999512,42.9,0.0,YOLOv11x (GPU),GPU,640x360
1756476436.493587,10.524278860629906,60.846805572509766,52.1,0.0,YOLOv11x (GPU),GPU,640x360
1756476436.5753827,12.035271060915177,49.84903335571289,41.5,0.0,YOLOv11x (GPU),GPU,640x360
1756476436.6629946,11.10320947913468,55.11140823364258,27.5,0.0,YOLOv11x (GPU),GPU,640x360
1756476436.746324,12.498112307990286,51.06711387634277,20.0,0.0,YOLOv11x (GPU),GPU,640x360
1756476436.8336866,11.401685935406002,53.40075492858887,17.5,0.0,YOLOv11x (GPU),GPU,640x360
1756476436.9182935,10.811650165101574,59.84783172607422,20.8,0.0,YOLOv11x (GPU),GPU,640x360
1756476436.9713047,18.93676463948711,21.756410598754883,29.2,0.0,YOLOv11x (GPU),GPU,640x360
1756476437.0270426,19.019716674829045,16.83831214904785,25.0,0.0,YOLOv11x (GPU),GPU,640x360
1756476437.1186848,10.664741016102745,64.23473358154297,37.5,0.0,YOLOv11x (GPU),GPU,640x360
1756476437.20484,11.957760291937507,53.80392074584961,37.2,0.0,YOLOv11x (GPU),GPU,640x360
1756476437.2885509,11.964923691342177,52.31070518493652,22.5,0.0,YOLOv11x (GPU),GPU,640x360
1756476437.3719156,11.36975874220656,58.681488037109375,20.0,0.0,YOLOv11x (GPU),GPU,640x360
1756476437.4550679,12.258276074713367,55.696964263916016,25.0,0.0,YOLOv11x (GPU),GPU,640x360
1756476879.9617553,17.04953111090335,54.08668518066406,9.4,0.0,YOLOv11x (GPU),GPU,640x360
1756476880.0463758,14.598378771583604,51.43117904663086,36.6,0.0,YOLOv11x (GPU),GPU,640x360
1756476880.1082318,14.720058398669185,48.42019081115723,28.0,0.0,YOLOv11x (GPU),GPU,640x360
1756476880.1791832,14.347790689321352,48.67076873779297,34.4,0.0,YOLOv11x (GPU),GPU,640x360
1756476880.3659093,14.245650025303386,48.35200309753418,50.0,0.0,YOLOv11x (GPU),GPU,640x360
1756476880.4338634,5.383303471042134,46.38814926147461,30.6,0.0,YOLOv11x (GPU),GPU,640x360
1756476880.5023417,14.971262542074623,45.23420333862305,21.9,0.0,YOLOv11x (GPU),GPU,640x360
1756476880.5683126,14.04990469937594,46.452999114990234,21.9,0.0,YOLOv11x (GPU),GPU,640x360
1756476880.6426663,15.084602880036828,46.78225517272949,25.0,0.0,YOLOv11x (GPU),GPU,640x360
1756476880.7100766,13.833091475158966,47.67870903015137,24.2,0.0,YOLOv11x (GPU),GPU,640x360
1756476880.7773678,15.057634176987973,44.66605186462402,25.6,0.0,YOLOv11x (GPU),GPU,640x360
1756476880.8486876,14.221257781454709,48.25735092163086,31.2,0.0,YOLOv11x (GPU),GPU,640x360
1756476880.9224448,13.63522405139008,49.2093563079834,26.8,0.0,YOLOv11x (GPU),GPU,640x360
1756476880.9944324,13.611683001233205,53.42578887939453,32.5,0.0,YOLOv11x (GPU),GPU,640x360
1756476881.0623775,14.544970315707706,45.41921615600586,12.5,0.0,YOLOv11x (GPU),GPU,640x360
1756476881.1296308,14.500418317464927,47.289371490478516,33.3,0.0,YOLOv11x (GPU),GPU,640x360
1756476881.1956573,15.145172239474254,45.98355293273926,30.3,0.0,YOLOv11x (GPU),GPU,640x360
1756476881.2668831,14.550419759938944,48.67196083068848,18.8,0.0,YOLOv11x (GPU),GPU,640x360
1756476881.34034,14.611754049817105,50.92811584472656,28.0,0.0,YOLOv11x (GPU),GPU,640x360
1756476881.4091167,13.949441098314148,45.12429237365723,30.3,0.0,YOLOv11x (GPU),GPU,640x360
1756476881.476644,13.878405654196639,47.23310470581055,25.0,0.0,YOLOv11x (GPU),GPU,640x360
1756476881.5309992,22.589614054741105,23.138046264648438,25.0,0.0,YOLOv11x (GPU),GPU,640x360
1756476881.6049373,12.566826462128475,49.3621826171875,25.0,0.0,YOLOv11x (GPU),GPU,640x360
1756476881.6743488,13.997436992738146,48.38252067565918,16.7,0.0,YOLOv11x (GPU),GPU,640x360
1756476881.749259,14.63459431546186,46.78058624267578,29.3,0.0,YOLOv11x (GPU),GPU,640x360
1756476881.8173778,13.390535359114258,45.06206512451172,15.6,0.0,YOLOv11x (GPU),GPU,640x360
1756476881.8979845,13.99617585717861,48.87652397155762,27.5,0.0,YOLOv11x (GPU),GPU,640x360
1756476881.9722154,12.992339597743698,48.77161979675293,21.9,0.0,YOLOv11x (GPU),GPU,640x360
1756476882.0417626,13.217316770342919,47.67608642578125,25.0,0.0,YOLOv11x (GPU),GPU,640x360
1756476882.107368,14.523615612620848,47.033071517944336,34.4,0.0,YOLOv11x (GPU),GPU,640x360
1756476882.1728635,15.626190786654993,45.95017433166504,25.0,0.0,YOLOv11x (GPU),GPU,640x360
1756476882.2433863,14.101771503306649,50.310373306274414,57.1,0.0,YOLOv11x (GPU),GPU,640x360
1756476882.3153338,14.80292084152423,46.831369400024414,44.4,0.0,YOLOv11x (GPU),GPU,640x360
1756476882.3801272,13.624948024948026,47.23167419433594,25.0,0.0,YOLOv11x (GPU),GPU,640x360
1756476882.4515772,15.788716064625902,46.79059982299805,32.5,0.0,YOLOv11x (GPU),GPU,640x360
1756476882.5174694,14.865932757264073,46.1578369140625,18.8,0.0,YOLOv11x (GPU),GPU,640x360
1756476882.585015,14.508293064265628,46.65088653564453,34.4,0.0,YOLOv11x (GPU),GPU,640x360
1756476882.653687,15.159349575865347,45.15528678894043,47.1,0.0,YOLOv11x (GPU),GPU,640x360
1756476882.7211018,14.446180340290693,44.62695121765137,25.0,0.0,YOLOv11x (GPU),GPU,640x360
1756476882.7879558,13.974585024222192,47.737836837768555,21.9,0.0,YOLOv11x (GPU),GPU,640x360
1756478035.9646685,9.977268510369042,94.38395500183105,17.9,11.854108765322,YOLOv11x (GPU),GPU,unknown
1756478039.3591826,8.878712955122777,96.49395942687988,44.4,14.9813998034826,YOLOv11x (GPU),GPU,640x360
1756478042.6098826,8.878712955122777,96.49395942687988,25.0,6.64315167644717,YOLOv11x (GPU),GPU,unknown
1756478045.8815877,8.044357754264025,97.42212295532227,25.4,12.1480239940915,YOLOv11x (GPU),GPU,640x360
1756478049.1642444,8.044357754264025,97.42212295532227,25.5,8.16526851117343,YOLOv11x (GPU),GPU,unknown
1756478052.6990342,8.171061654510318,97.52988815307617,25.5,5.29041560546205,YOLOv11x (GPU),GPU,640x360
1756478056.4024756,8.171061654510318,97.52988815307617,30.2,7.65523562910403,YOLOv11x (GPU),GPU,unknown
1756478060.028333,7.988389677173602,98.04415702819824,28.2,8.0020477507246,YOLOv11x (GPU),GPU,640x360
1756478063.6365206,7.988389677173602,98.04415702819824,25.6,8.87024206252418,YOLOv11x (GPU),GPU,unknown
1756478067.3600805,8.347239083104135,94.59424018859863,26.1,85.64756428920765,YOLOv11x (GPU),GPU,640x360
1756478173.7020104,17.927747097744874,52.27231979370117,10.8,11.0433503866086,YOLOv11x (GPU),GPU,unknown
1756478177.08654,16.877875650378858,43.662309646606445,21.4,12.0443296079663,YOLOv11x (GPU),GPU,640x360
1756478180.539531,16.877875650378858,43.662309646606445,27.2,6.19875045860109,YOLOv11x (GPU),GPU,unknown
1756478183.9868186,14.69144252223347,47.04475402832031,28.9,5.57760959210439,YOLOv11x (GPU),GPU,640x360
1756478187.4041295,14.69144252223347,47.04475402832031,28.9,5.08330623962232,YOLOv11x (GPU),GPU,unknown
1756478190.9017098,14.868356871419659,48.73371124267578,24.6,4.72931331325947,YOLOv11x (GPU),GPU,640x360
1756478194.643831,14.868356871419659,48.73371124267578,37.3,3.67558069822079,YOLOv11x (GPU),GPU,unknown
1756478198.2249901,13.967930038863598,46.03934288024902,23.2,4.9237968757389,YOLOv11x (GPU),GPU,640x360
1756478202.163516,13.967930038863598,46.03934288024902,32.4,4.54650697511426,YOLOv11x (GPU),GPU,unknown
1756478206.0292957,14.798690301456475,47.554969787597656,29.1,5.0644975215172,YOLOv11x (GPU),GPU,640x360
1756478774.165417,0,34.43957834971873,13.3,0.0550326678095814,unknown,AUTO,1920x1080
1756478777.3337321,0.631250330633657,21.31688730578194,5.6,0.0147677745230503,unknown,AUTO,1920x1080
1756478780.4632719,0.47635267046696517,38.375033090565125,5.2,0.0151769731842534,unknown,AUTO,1920x1080
1756478783.5814762,0.42480616268648647,39.58547915131662,4.6,0.123987748059628,unknown,AUTO,1920x1080
1756478786.7198713,0.39826501972246986,32.29134644244779,5.4,0.0783468340413027,unknown,AUTO,1920x1080
1756478789.8236778,0.38318431836672867,34.16718290210689,10.0,0.169754777362688,unknown,AUTO,1920x1080
1756478792.8899462,0.3738411738113481,37.02083016389004,7.3,0.0292421832437111,unknown,AUTO,1920x1080
1756478795.9720826,0.36686030432700767,32.879432948754825,6.0,0.0149993573344708,unknown,AUTO,1920x1080
1756478799.1099634,0.36080030615241704,32.098088443321416,6.5,0.139655654328872,unknown,AUTO,1920x1080
1756478802.1984813,0.35672161522046153,30.60947338853815,5.8,0.0780374928036344,unknown,AUTO,1920x1080
